uid,zg_code,yl_code,dimensions,page,row,col,image_file,applications
p009_r1_c1,ZG-F007A,YL-F007A,41X45mm,9,1,1,p009_r1_c1_ZG-F007A.png,KAWASAKI ye 360 - one | YAMAHA YMF 250 F 07-09 | Sav UF 250 F 02-14
p009_r1_c2,ZG-F011,YL-F011,60X44X9mm,9,1,2,p009_r1_c2_ZG-F011.png,kymco GY6-125 F | SUZUKI CS125/SCOOTER F | CPI Oliver City F 05-09
p009_r2_c1,ZG-F008,YL-F008,96.4X42X9mm; 77X42X9mm,9,2,1,p009_r2_c1_ZG-F008.png,"YAMAHA Lander Xtz 125 250 F | SUZUKI Yes Xtz 750 F | KAWASAKI KVF 750 F(right) 12-15, | SUZUKI LER 450 F(right) 06-11 | YAMAHA YFZ 450 F(right) 09-15"
p009_r2_c2,ZG-F012,YL-F012,41X42.5mm,9,2,2,p009_r2_c2_ZG-F012.png,KYMCO —_GY6-125T; GY125A F | HONDA SK5OM DIO F 97-98 | Passio MP3 Touring F 07-14 | sym Super Fancy 50 F 96-02 | sym City Hopper 50 F 99-02
p009_r3_c1,ZG-F009,YL-F009,77X42X9mm,9,3,1,p009_r3_c1_ZG-F009.png,YAMAHA YBR 125 ED F 02-08 | YAMAHA YS 250 Fazer F 06-15 | HONDA CBX 250 Twister F 01-08 | HONDA cB 300R F 09-15 | KAWASAKI KVF 750 F(Left) 12-15 | YAMAHA vezaso. Filet) 08-15
p009_r3_c2,ZG-F013,YL-F013,85X42mm,9,3,2,p009_r3_c2_ZG-F013.png,SUZUKI AG100 F 91-94 | SUZUKI AN125HK F 06-08 | SUZUKI AH100 F ” | KAWASAKI KDX 125 F 90-97 | KAWASAKI KMX 125 F 86 | POLARIS 200 Phoenix F 05-09
p009_r4_c1,ZG-F010,YL-F010,,9,4,1,p009_r4_c1_ZG-F010.png,HONDA WyY-125 F
p009_r4_c2,ZG-F014,YL-F014,99X39.7mm; 75.5X40.5mm,9,4,2,p009_r4_c2_ZG-F014.png,KAWASAKI KLX125L F 03-06 | YAMAHA Cuxi F 1214 | SUZUKI DR-Z125L. F 03-14 | SUZUKI AN125 F 94-05 | SUZUKI RM80 F 96-01 | SUZUKI AG100 F 95-04
p010_r1_c1,ZG-F014,YL-F014,99X39.7mm; 75.5X40.5mm,10,1,1,p010_r1_c1_ZG-F014.png,"SUZUKI RMB5 R 05-13, | SUZUKI RMB5L R 05-13"
p010_r1_c2,ZG-F018,YL-F018,,10,1,2,p010_r1_c2_ZG-F018.png,HONDA NSR S0/MBX 50 F 88-92 | HONDA XRM/WAVE110. F | HONDA YES 125/XTZ125 F | LIFAN LF 100A F
p010_r2_c1,ZG-F015,YL-F015,77X54X7.5mm,10,2,1,p010_r2_c1_ZG-F015.png,SUZUKI GZ 125/GZ 250 F 98-10 | SUZUKI VL250 F 00-07 | SUZUKI DR6OOS F 85-88
p010_r2_c2,ZG-F018A,YL-F018A,77X42X7mm,10,2,2,p010_r2_c2_ZG-F018A.png,
p010_r3_c1,ZG-F016,YL-F016,62.5X55.5mm,10,3,1,p010_r3_c1_ZG-F016.png,HONDA WY-100 F
p010_r3_c2,ZG-F018B,YL-F018B,7X42X7mm,10,3,2,p010_r3_c2_ZG-F018B.png,HYOSUNG Gr125 F 01-14 | kymco Spike 125 F 08-13 | HONDA CBX125 F 94-92 | HONDA NSR80O F 88-92
p010_r4_c1,ZG-F017,YL-F017,,10,4,1,p010_r4_c1_ZG-F017.png,HONDA R650 L R 93-14 | HONDA NSRSO R 93-99 | HONDA — DREAM 50 R(CB 50) R 04 | KAWASAKI KLXx250 R 09-14 | SUZUKI RM125/250 R 96-05 | SUZUKI DR-2400 R 00-14
p010_r4_c2,?,?,,10,4,2,p010_r4_c2_UNKNOWN.png,ZONGSHEN Cyclone RE 250 F | ZONGSHENCydonRX3S2S4006Y-2F | ZONGSHEN — Cyclon RX3S 400 F
p011_r1_c1,ZG-F020,YL-F020,81X41.5X9mm,11,1,1,p011_r1_c1_ZG-F020.png,HONDA ‘CR250R/CRS0OR F 84-86 | HONDA XL600R F 83-87 | HONDA XR250R F 84-87 | YAMAHA vez 450 Ross | HONDA ATV TRX 250R F 86-89
p011_r1_c2,ZG-F024,YL-F024,68.3X59mm,11,1,2,p011_r1_c2_ZG-F024.png,YAMAHA RXS 115 F 94-97 | YAMAHA RX-Z F 00-05 | YAMAHA xT600 F 87-89
p011_r2_c1,ZG-F021,YL-F021,85X37mm; 48X32mm,11,2,1,p011_r2_c1_ZG-F021.png,EXPLORER Ranger 300 F 08-09 | QUADZILLA XRV 250 F 06-07 | QUADZILLA RL 300 F 07-08 | MH Contd RYZ 50 F 13-14
p011_r2_c2,ZG-F025,YL-F025,68X53.5X8mm,11,2,2,p011_r2_c2_ZG-F025.png,HONDA. CB 1000 F 94-95 | HONDA. CBR 900 RR F 93-97 | HONDA. ‘Super Hawk 1000 F 00-05 | HONDA. VFR750 R F 90
p011_r3_c1,ZG-F022,YL-F022,89X40.5X9.8mm,11,3,1,p011_r3_c1_ZG-F022.png,SUZUKI GSXR600/GSXR750 R 06-10 | SUZUKI DL1000 R 14-15 | SUZUKI Vstrom 1000 R 14-18 | SUZUKI GSXR1000 R 07-08 | SUZUKI GSX 300 R 13-15
p011_r3_c2,ZG-F026,YL-F026,36X7mm; 5X33mm,11,3,2,p011_r3_c2_ZG-F026.png,HONDA. CBR 125 F 04-10 | HONDA — CBR RWB/RC/RD F 11-13 | HONDA MSX 125 Grom F 14 | ) HONDA. WAVE 125 F
p011_r4_c1,ZG-F023,YL-F023,,11,4,1,p011_r4_c1_ZG-F023.png,BMW 12006T F 03-06 | BMW K1200RS F 01-05 | BMW K13006T F 09-11 | BMW R11S0RT F 01-06
p011_r4_c2,ZG-F026B,YL-F026B,5X36X7mm,11,4,2,p011_r4_c2_ZG-F026B.png,HONDA. CRF250 L F 13-17 | SCOPRA T-Ride 250 F F 09-11
p012_r1_c1,ZG-F027,YL-F027,100X31X8mm,12,1,1,p012_r1_c1_ZG-F027.png,YAMAHA Tw 200 F O17 | YAMAHA XT 250 F 08-17 | YAMAHA RXS 115 F 99 | YAMAHA YZF 1000 R1 R 02-03 | YAMAHA YZF 600 R6 R 99-02
p012_r1_c2,ZG-F031,YL-F031,1X45X7mm,12,1,2,p012_r1_c2_ZG-F031.png,HONDA. GY6 125 F | SUZUKI DR125 F 86-88 | SUZUKI DR125SE F 94-96 | SUZUKI DR200 F 86-88 | SUZUKI DR200SE F 97-13
p012_r2_c1,ZG-F028,YL-F028,58X33.5X6mm,12,2,1,p012_r2_c1_ZG-F028.png,LIFAN LF 125 Off Road F 07 | ITALJET ‘47 (Pro) F 07-08 | GENERIC Mini Trigger SM 50X50. F 08-09 | QUADZILLA WK 140 F 06-08
p012_r2_c2,ZG-F032,YL-F032,61.2X27.2mm,12,2,2,p012_r2_c2_ZG-F032.png,YAMAHA yw 50 F 08-10 | YAMAHA YA 100 W F 01-03 | ToUMe Junior 90ce FaR 04-07 | TOUMP Pro F&R 05-07
p012_r3_c1,ZG-F029,YL-F029,36X45.5mm,12,3,1,p012_r3_c1_ZG-F029.png,APRILIA RX 5O/RS 50/SX 50 F | DERBI /PREDATORIGPR 125 | PEUGEOT ELYSEOS0/125/150E FF
p012_r3_c2,ZG-F033,YL-F033,86.2X40.5mm,12,3,2,p012_r3_c2_ZG-F033.png,"HONDA. cB500 F 1314 | HONDA. CBR 300R R 15 | HONDA, CBR 650R R 14 | YAMAHA FZ6R R 09-11 | SUZUKI Gw 250 R 14-15 | THUMPH Tiger 800 XC R 11-15"
p012_r4_c1,?,?,36X45.7mm,12,4,1,p012_r4_c1_UNKNOWN.png,BETA ALP 125 4-stroke F 00-05 | KTM SX 65 F 00-01
p012_r4_c2,?,?,8X51.7X7mm,12,4,2,p012_r4_c2_UNKNOWN.png,"APRILIA. S450 (4T)/125 (47) F 11-13 | DERBI GPR Boys F 09-12 | etna, KN2 50 F 12-13 | NIA MH Naked F 08-13 | PEUGEOT —_NK7 ""Naked"" 50cc F 09-12"
p013_r1_c1,ZG-F035,YL-F035,68X5mm; 6.7X8.mm,13,1,1,p013_r1_c1_ZG-F035.png,YAMAHA FZ 600 R 86-88 | YAMAHA FZR 400 R 88-90 | YAMAHA SRX 250 F 87 | YAMAHA SRX 600 FaR 86
p013_r1_c2,ZG-F039,YL-F039,85.5X43.2mm; 70X41mm,13,1,2,p013_r1_c2_ZG-F039.png,SYM Fiddle 125 F 08-14 | SYM Citycom 3001 FaR 08-14 | SYM JET Euro 50 F 99-12
p013_r2_c1,ZG-F036,YL-F036,63.6X55X8.8mm,13,2,1,p013_r2_c1_ZG-F036.png,"YAMAHA FJ600 Far 84-85, | YAMAHA YZF 600 R 97-07 | YAMAHA XVS 1100 R 99-09 | YAMAHA FZR 600 R 99-00 | YAMAHA FZ 750 Far 85-88"
p013_r2_c2,ZG-F039B,YL-F039B,70X41mm,13,2,2,p013_r2_c2_ZG-F039B.png,ZONGSHEN zsi10 F
p013_r3_c1,ZG-F037,YL-F037,,13,3,1,p013_r3_c1_ZG-F037.png,HONDA CRF 150 F 07-14 | KAWASAKI KX85 R 01-13 | YAMAHA YZ 85 R 02-14 | HONDA . | QND TRX 420 F 09-15 | SUZUKI 7 -
p013_r3_c2,ZG-F040,YL-F040,76X50X11mm,13,3,2,p013_r3_c2_ZG-F040.png,SUZUKI GN250 F 88 | SUZUKI GNaooT F 80-82 | SUZUKI GN400TX F 80-81 | SUZUKI GS450ET F 80-82 | SUZUKI GS750T F 82-83
p013_r4_c1,ZG-F038,YL-F038,81.7X42.6X8mm,13,4,1,p013_r4_c1_ZG-F038.png,HONDA. CBR6OOF F 87-90 | HONDA CBR 600 F2 F 91-94
p013_r4_c2,ZG-F041,YL-F041,40X43.7mm,13,4,2,p013_r4_c2_ZG-F041.png,SUZUKI V-STROM 650 | SUZUKI RV 125 | SUZUKI SV 650 | KAWASAKI 2750 | LIFAN LF 200 GY-S F 05-08
p014_r1_c1,ZG-F042,YL-F042,124X46.4X8mm,14,1,1,p014_r1_c1_ZG-F042.png,SUZUKI HJ-DK150S
p014_r1_c2,ZG-F046,YL-F046,85X42mm; 7X37.2mm,14,1,2,p014_r1_c2_ZG-F046.png,SUZUKI GN125E F 91-96 | KTM MX 125 R 92-93 | KAWASAKI KDx200 F 86-92 | KAWASAKI 7 | ay KXT 300 F 88-04 | YAMAHA YFM 300 R 12-43
p014_r2_c1,ZG-F043,YL-F043,35.5X49.6mm,14,2,1,p014_r2_c1_ZG-F043.png,PIAGGIO MP3 250 F 10-14 | PIAGGIO MP3 400 F 07-14 | cpl GTR 150 R 05-09 | VESPA Lx 50 F 05-15 | VESPA Lxv F 10-15
p014_r2_c2,ZG-F047,YL-F047,41.8X38.3mm,14,2,2,p014_r2_c2_ZG-F047.png,
p014_r3_c1,ZG-F044,YL-F044,1.6X36.7X7mm,14,3,1,p014_r3_c1_ZG-F044.png,HONDA. RS 125 R 88-07 | HONDA RS 250 R 88-02 | sym MIO 50 F 05-14 | sym DD 50 F 02-12
p014_r3_c2,ZG-F048,YL-F048,133.5X37mm; 108.5X44.5mm,14,3,2,p014_r3_c2_ZG-F048.png,KAWASAKI VN 1700 F Left 09-13 | KAWASAKI VN 2000 F 06-10 | KAWASAKI EX 650 F Left 13-15 | SUZUKI SFV 650 F Left 13-14 | SUZUKI GSX-S 750 F Left 15 | SUZUKI VL 1500 F Left 13-415
p014_r4_c1,ZG-F045,YL-F045,,14,4,1,p014_r4_c1_ZG-F045.png,
p014_r4_c2,ZG-F049,YL-F049,133.5X37mm,14,4,2,p014_r4_c2_ZG-F049.png,KAWASAKI VN 1700 FRight&R 09-13 | KAWASAKI VN 2000 R 06-10 | KAWASAKI EX 650 F Right 13-15 | SUZUKI SFV 650 F Right 13-14 | SUZUKI GSX-S 750 F Right 15 | SUZUKI VL 1500 R 13-15
p015_r1_c1,?,?,,15,1,1,p015_r1_c1_UNKNOWN.png,HONDA CRF 125R F 14-15 | HONDA. XR 650 F 93-15 | KAWASAKI KLX 450 F F 09-15 | ZUKUZI RM-Z 450 F 05-15 | YAMAHA WR 250 F 01-13 | YAMAHA YZ450 F 03-14
p015_r1_c2,?,?,100X55.8X8.mm,15,1,2,p015_r1_c2_UNKNOWN.png,BMW Ki F 88-93 | Bmw 1200 RS F 97-10 | Bmw K1100 RS F 96-11 | BMW R850R F 96-02 | BMW R1200C F 96-02
p015_r2_c1,?,?,,15,2,1,p015_r2_c1_UNKNOWN.png,APRILIA RSV4 F 11-14 | BMW HP4 1000CC F 13-14 | SUZUKI GSXR 600 F 11-14 | HONDA CBR 100 RRA F 14
p015_r2_c2,?,?,80.2X42.5X9.7mm,15,2,2,p015_r2_c2_UNKNOWN.png,YAMAHA XV 535 S Virago (4KUF) 91-95
p015_r3_c1,ZG-F052,YL-F052,52.5X52.5mm,15,3,1,p015_r3_c1_ZG-F052.png,SUZUKI GS 500 R 89-10 | SUZUKI GSXR 750 R 00-03 | SUZUKI GSF 600 R 00-03 | KAWASAKI ZRX 1200 R R 01-05 | KAWASAKI 2X-12R R 00-05
p015_r3_c2,?,?,53X44mm,15,3,2,p015_r3_c2_UNKNOWN.png,SUZUKI RG 80 F 86-95
p015_r4_c1,ZG-F053,YL-F053,58X50.5X13mm,15,4,1,p015_r4_c1_ZG-F053.png,
p015_r4_c2,ZG-F057,YL-F057,42.6X47mm,15,4,2,p015_r4_c2_ZG-F057.png,
p016_r1_c1,?,?,67.9X40.7mm,16,1,1,p016_r1_c1_UNKNOWN.png,"KAWASAKI KZ 305 B2/B3 F 87-88 | KAWASAKI KZ 550 F1 F 83-84 | KAWASAKI KZ 750 M1 Far 82-83, | KAWASAKI KZ 1000 P1-P20 Far 82-01 | KAWASAKI KZ 1100 82-83, F 82-83"
p016_r1_c2,ZG-F062,YL-F062,94.3X32mm,16,1,2,p016_r1_c2_ZG-F062.png,HONDA CR 125R/250R F 87-94 | HONDA. XR 250 F 88-95 | HONDA. VFR 750R R 90 | HONDA. | aN TRX 250R F 86-89
p016_r2_c1,?,?,140.7X42mm; 95X34.6mm,16,2,1,p016_r2_c1_UNKNOWN.png,KAWASAKI EX 250 Ninja 250R. F 88-07 | KAWASAKI ZL 600 Eliminator F 96-97 | KAWASAKI ZX 1100 Ninja R 90-93 | KAWASAKI L650 82/83 F 9081 | SUZUKI GSF 400 BANDIT F 91-93 | SUZUKI GS 500 F 89-95
p016_r2_c2,ZG-F063,YL-F063,110X49.2X7.55mm,16,2,2,p016_r2_c2_ZG-F063.png,KEEWAY GTX 300 Quad R 10-11 | QUADZILLA ‘cuv 300 F 08-09 | QUADZILLA 325 4x4 R 10-11
p016_r3_c1,ZG-F060,YL-F060,62.2X40.8mm,16,3,1,p016_r3_c1_ZG-F060.png,KAWASAKI KX 125 R 89-94 | KAWASAKI KOX 200 R 97-06 | KAWASAKI KLX 650 R 93-96 | YAMAHA XT 250 R 08-15 | YAMAHA YZ 250 R 91-97 | SUZUKI DR 250 R 90-95
p016_r3_c2,ZG-F064,YL-F064,101.5X43mm; 85X43X8mm,16,3,2,p016_r3_c2_ZG-F064.png,KYMCO Grand Dink 250 | HONDA wy 125 | HONDA wy 150
p016_r4_c1,ZG-F061,YL-F061,84.8X42.5mm; 64X36.5mm,16,4,1,p016_r4_c1_ZG-F061.png,ARCTIC 50 DVX (4T) Sport R 06-08 | KAWASAKI KXF 90 R 07-15 | KYMCO Agility 50 R 16 | Kymco MXU 150 R 05-14 | KYMCO SUPER 8 F 07-14 | sYM HD 125/200 F 08-12
p016_r4_c2,ZG-F065,YL-F065,,16,4,2,p016_r4_c2_ZG-F065.png,POLARIS ATV ATP 300 FAR 04-05 | POLARISATV Sportsman 800 F 08-14 | POLARISATV Sportsman 700 F 02-07 | POLARISATY Scrambler 500 F 97-12
p017_r1_c1,ZG-F066,YL-F066,,17,1,1,p017_r1_c1_ZG-F066.png,POLARIS R 01 | POLARIS 5 R 00-01 | POLARIS Sportsman 500 R 98-02 | POLARIS Trail Blazer 250 R 99-04 | ‘ATV | POLARIS .
p017_r1_c2,ZG-F070,YL-F070,55.5X49X7.6mm,17,1,2,p017_r1_c2_ZG-F070.png,PIAGGIO FLY 150 R 13-14 | VESPA 946 R 13-15 | VESPA GT 200L. R 05-09 | VESPA GTS 300 Super R 10-15 | VESPA GTV 300 R 10-15
p017_r2_c1,ZG-F067,YL-F067,3X46X7mm,17,2,1,p017_r2_c1_ZG-F067.png,Kymco Grand Dink 250 R 05-11 | KyMcO GRAND VISTA 240 R 05-11
p017_r2_c2,ZG-F071,YL-F071,94X36X10mm,17,2,2,p017_r2_c2_ZG-F071.png,DAELIM ET 250 Quad R 05-08 | DAELIM ST 250 Sector Quad R 05-06 | KYMCO Beebe R 07-11 | KYMCO Xciting 300i R R 08-10 | SYM GTS 125 Joymax R 06-09
p017_r3_c1,ZG-F068,YL-F068,446X508mm,17,3,1,p017_r3_c1_ZG-F068.png,angric 250 DVX R 06-08 | SYM RV 250 F 07-12 | KYMCO MXU 250 R 04-10 | KYMCO KXR 250 Mongoose R 04-10 | KYMCO Mongoose 300 R 06-12
p017_r3_c2,ZG-F072,YL-F072,77X41mm,17,3,2,p017_r3_c2_ZG-F072.png,BETA RK6 50cc Enduro F 97-02 | PEUGEOT XR 6 50CC F 03-05 | YAMAHA —NXC 125-Cygnus X F 07-13 | APRILIAC. Classic 125 F 96-01 | GAS-GAS EC 50 Rookie F 01-04 | GAS-GAS ‘SM 50 Rookie F 01-04
p017_r4_c1,ZG-F069,YL-F069,44.7X53.5mm,17,4,1,p017_r4_c1_ZG-F069.png,DAELIM —_B-Bone125(SW12) F 09-14 | DAELIM ‘$3 250(SV250) F 12-14 | DAELIM $3 125(SV125) F 12-14
p017_r4_c2,ZG-F073,YL-F073,94X36.5X7mm,17,4,2,p017_r4_c2_ZG-F073.png,YAMAHA FZ16 F 10-13 | BMW R 1200R R 06-11 | Bmw K 1300 SIR R 09-15
p018_r1_c1,ZG-F074,YL-F074,119X32.2mm; 94.5X36mm,18,1,1,p018_r1_c1_ZG-F074.png,
p018_r1_c2,ZG-F078,YL-F078,99.6X49.3X15mm,18,1,2,p018_r1_c2_ZG-F078.png,
p018_r2_c1,ZG-F075,YL-F075,43.8X57.2mm,18,2,1,p018_r2_c1_ZG-F075.png,
p018_r2_c2,ZG-F079,YL-F079,101.5X43mm; 85X43mm,18,2,2,p018_r2_c2_ZG-F079.png,GILERA STORM125 | HONDA. CB190R | HONDA WH150-3-3A | HONDA. WH125-B-7-8-11
p018_r3_c1,ZG-F076,YL-F076,39.8X44mm,18,3,1,p018_r3_c1_ZG-F076.png,
p018_r3_c2,ZG-F080,YL-F080,85X43X9mm,18,3,2,p018_r3_c2_ZG-F080.png,HONDA SCR110 F 13-14 | HONDA MOJET125 F 13-14
p018_r4_c1,ZG-F077,YL-F077,91.8X58.4mm,18,4,1,p018_r4_c1_ZG-F077.png,CR ESy  FLHTK Electra Glide F&R 08-18 | CES FLTR Road Glide FaR 08-09 | Cn ESy VRSCA V-Rod FaR 08-11
p018_r4_c2,ZG-F081,YL-F081,97X40X7mm,18,4,2,p018_r4_c2_ZG-F081.png,CF MOTO CF 500-2 Terralander F 13 | EXPLORER Everest 500 L/dx4 F 08-09 | QUADZILLA CVT 150 E F 10-11 | QUADZILLA CVT 320 F 07-11 | QUADZILLA ZX6 4x4 F 10-13
p019_r1_c1,ZG-F082,YL-F082,110X51mm; 95.7X37.5mm,19,1,1,p019_r1_c1_ZG-F082.png,"YAMAHA YBR 125/250 F 11-12 | YAMAHA YZF-R15 F 10-13, | YAMAHA JUPITER MX | YAMAHA MIO NEW | ) YAMAHA SNIPER 135"
p019_r1_c2,ZG-F086,YL-F086,107X42.7mm; 91.6X40mm,19,1,2,p019_r1_c2_ZG-F086.png,HONDA CBR125R R 04-06 | HONDA CBR 150 R R 00-03 | HONDA XL 125 R 01-11 | YAMAHA YZF-R1S R 10-13 | HERO Karizma ZMR 230 R 14-12
p019_r2_c1,ZG-F083,YL-F083,102.1X45.6mm,19,2,1,p019_r2_c1_ZG-F083.png,"owen XL 883 N Iron F 09-13 | CES Xt 883 Sportster F 04-08 | CHARLES, XL 1200 C Sportster F 04-13"
p019_r2_c2,ZG-F087,YL-F087,109.4X40mm; 94X36.5mm,19,2,2,p019_r2_c2_ZG-F087.png,"HONDA. HERO | HONDA. cBz | HONDA. EXTREME HUNK | HONDA. CBF 125/150 | HONDA cD100 | HONDA, XL200 97-01"
p019_r3_c1,ZG-F084,YL-F084,86X44.5mm,19,3,1,p019_r3_c1_ZG-F084.png,HARLEY XL1200X Sportster ag s0-12 | Oey XL 883 Sportster R 09-13 | DAARLEY | XL 1200 C Sportster R 04-08
p019_r3_c2,ZG-F087B,YL-F087B,109.4X40mm; 94X36.5mm,19,3,2,p019_r3_c2_ZG-F087B.png,HONDA HERO-Hunk
p019_r4_c1,ZG-F085,YL-F085,,19,4,1,p019_r4_c1_ZG-F085.png,SYM RS 50 F 04-10 | SYM RV 200 EVO F 124
p019_r4_c2,ZG-F088,YL-F088,77.8X42mm,19,4,2,p019_r4_c2_ZG-F088.png,HONDA CBR1000RR R 06-17 | HONDA CBR6OORR R or-t7 | KAWASAKI = ACR 836CC/ R 13-15 | KAWASAKI ZX 10R NON ABS R 11-15 | SUZUKI GSXR 600 R 14-45 | SUZUKI GSXR 1000 R 15
p020_r1_c1,ZG-F089,YL-F089,97.5X51.5mm,20,1,1,p020_r1_c1_ZG-F089.png,"POLARIS ATV RZR 900 R 15 | POLARIS ATV, RZR-S 900 R 15"
p020_r1_c2,ZG-F093,YL-F093,36X45.5mm,20,1,2,p020_r1_c2_ZG-F093.png,BETA ALP 200 4T FaR 00-06 | PEUGEOT METAL-X F 02-05 | PEUGEOT ELYSEO 50 FaR 02-05 | PEUGEOT LUDIX 50 F 04-05 | GASGAS TXT 50(BOY) F 04-11
p020_r2_c1,ZG-F090,YL-F090,85X52X7mm,20,2,1,p020_r2_c1_ZG-F090.png,YAMAHA MIO F | YAMAHA EGO F
p020_r2_c2,ZG-F094,YL-F094,69.5X50.8X8.mm,20,2,2,p020_r2_c2_ZG-F094.png,DUCATI 748 SP/BIPOSTO F 91-98 | GAS GAS $M125/250 F 01-05 | HUSQVARNA ‘SM450R F 03-06 | KTM DUKE 125 F 1
p020_r3_c1,ZG-F091,YL-F091,74X36.7mm; 40X27mm,20,3,1,p020_r3_c1_ZG-F091.png,
p020_r3_c2,ZG-F095,YL-F095,39.8X53.8mm,20,3,2,p020_r3_c2_ZG-F095.png,YAMAHA cwsoT F 99-01 | YAMAHA YG50ZR F 95-00 | YAMAHA YN50 NEOS F 02-06 | YAMAHA ya F 97-10 | MBK BOOSTER NEXT F 00-03 | MBK OVETTO F 00-03
p020_r4_c1,ZG-F092,YL-F092,40X27mm,20,4,1,p020_r4_c1_ZG-F092.png,LIFAN LF 125 Off Road
p020_r4_c2,ZG-F096,YL-F096,119X32.2mm; 5X36mm,20,4,2,p020_r4_c2_ZG-F096.png,
p021_r1_c1,ZG-F097,YL-F097,77.3X48X7mm,21,1,1,p021_r1_c1_ZG-F097.png,yamaHa CY ee yee F 00-02 | YAMAHA MIO Sporty (113ce) F 05-07 | YAMAHA Nuovo-Z (113cc) F 06-07
p021_r1_c2,ZG-F101,YL-F101,82.2X40mm; 62.2X40.8mm,21,1,2,p021_r1_c2_ZG-F101.png,
p021_r2_c1,ZG-F098,YL-F098,39.3X49.5mm,21,2,1,p021_r2_c1_ZG-F098.png,PIAGGIO TYPHOON 50 F 07-09 | APRILIA SR 50 F 04-15 | APRILIA  SCARABEO 100 4T F 04-14 | YAMAHA cw 50 F 99-01
p021_r2_c2,ZG-F101B,YL-F101B,82.2X40mm; 2X40.8mm,21,2,2,p021_r2_c2_ZG-F101B.png,YAMAHA YFM 700 R 06-12
p021_r3_c1,ZG-F099,YL-F099,82.8X22.2X7.1mm,21,3,1,p021_r3_c1_ZG-F099.png,YAMAHA YZ 80 F 86--01 | YAMAHA YZ 85 F 02-14 | YAMAHA TER 125 F 00-15
p021_r3_c2,ZG-F102,YL-F102,82.2X40.8mm; 62.2X40.8mm,21,3,2,p021_r3_c2_ZG-F102.png,YAMAHA Wey Gay R 07-08 | SUZUKI Ux 125/150 R 08-11
p021_r4_c1,ZG-F100,YL-F100,55.7X53.7mm,21,4,1,p021_r4_c1_ZG-F100.png,BMW K75-S FaR 85-09 | BMW K 1200 RS R 96-05 | DUCATI 750 Sport FaR 88-90 | Ducati Rope FaR 84 | woes 850 Le Mans | FR 78-84 | Mor 1000 FaR 89-94
p021_r4_c2,ZG-F103,YL-F103,86.2X40mm,21,4,2,p021_r4_c2_ZG-F103.png,HONDA. CBF 600 R 98-06 | HONDA. CB 1300 R 03-11 | KAWASAKI KLZ 1000 R 12-13 | SUZUKI GSX 650 R 08-09 | SUZUKI DL650 R 09-11 | YAMAHA Fz8 R 14-13
p022_r1_c1,ZG-F104,YL-F104,35X39.6mm,22,1,1,p022_r1_c1_ZG-F104.png,BENELLI TNT 1130 F 06-12 | APRILIA RSV 1000 R Factory F 04-08 | KTM 690 Duke F 08-11 | KTM 990 Supermoto F 09-13
p022_r1_c2,ZG-F108,YL-F108,113.4X41mm; 109X50.3mm,22,1,2,p022_r1_c2_ZG-F108.png,YAMAHA — HW125/Xenter 125 F 12-13 | YAMAHA YW 125 (BW's 125) F 10-13 | YAMAHA — HW150/Xenter 150 F 1243
p022_r2_c1,ZG-F105,YL-F105,90X39X10mm,22,2,1,p022_r2_c1_ZG-F105.png,YAMAHA NOX125K reo | YAMAHA YW 125 X F 10-13 | SYM ‘SB 250 Ni F 12-13
p022_r2_c2,ZG-F109,YL-F109,32.2X35.8mm,22,2,2,p022_r2_c2_ZG-F109.png,HYOSUNG TE 50 R 05-07 | HYOSUNG TE 90 R 05-07 | HYOSUNG TE 100 R 05-07
p022_r3_c1,ZG-F106,YL-F106,99.3X40.5mm,22,3,1,p022_r3_c1_ZG-F106.png,YAMAHA CV 50 AIR Jog F 03-08
p022_r3_c2,ZG-F110,YL-F110,93X42.6X9mm,22,3,2,p022_r3_c2_ZG-F110.png,
p022_r4_c1,ZG-F107,YL-F107,,22,4,1,p022_r4_c1_ZG-F107.png,"Kymco Downtown/Superdink R 09-13 | KYMCO People GT 125i R 10-13, | BENELLI velouring) R 08-11"
p022_r4_c2,?,?,45.6X54.3mm,22,4,2,p022_r4_c2_UNKNOWN.png,
p023_r1_c1,?,?,74.8X54.8X8mm,23,1,1,p023_r1_c1_UNKNOWN.png,HONDA CBR6OOFSIFA/FSF6 FF 03-06 | HONDA RVT 1000 R F 00-06 | HONDA cB 1300 F 05-12 | KAWASAKI ZX-6R EDF/FDF F 13 | HARLEY- | DAVIDSON XR 1200 X F 10-12
p023_r1_c2,ZG-F116,YL-F116,39.8X56.8mm,23,1,2,p023_r1_c2_ZG-F116.png,DUCATI Supersport F 95-07 | KTM XCE 640 DUKE F 99-02
p023_r2_c1,?,?,,23,2,1,p023_r2_c1_UNKNOWN.png,
p023_r2_c2,ZG-F117,YL-F117,85X44.5mm; 74X41mm,23,2,2,p023_r2_c2_ZG-F117.png,KAWASAKI 2125 F 16-19 | KAWASAKI 2125 PRO F 16-19 | HONDA. WAVE110-RS F | YAMAHA MW 125 Tricity Scooter F Right 14-16 | YAMAHA MWS 125 Tricity Scooter F Right 17-18
p023_r3_c1,ZG-F114,YL-F114,74.3X46.8X9mm,23,3,1,p023_r3_c1_ZG-F114.png,HONDA. CBR 600RR F 05-15 | HONDA. CBR 1000 F 04-15
p023_r3_c2,?,?,85X44.5mm; 74X41mm,23,3,2,p023_r3_c2_UNKNOWN.png,HONDA NCX 50 Dunk 50 F 1417 | HONDA NSC 110MPDH Vision =F 17-18 | HONDA ACD 110 Scoopy 110Fi FF 11-16 | HONDA ACA 125AirBlade 1250 F 14-16 | HONDA ‘Super Cub 125 F 18-19 | YAMAHA MW 125 Tricity Scooter F Left 14-16
p023_r4_c1,ZG-F115,YL-F115,,23,4,1,p023_r4_c1_ZG-F115.png,KAWASAKI ZX-6RR/ZX6R F 03-06 | KAWASAKI 2X10R F 04-07 | KAWASAKI VN 1600 F 05-08 | SUZUKI GSXR 1000 K3 F 03 | SUZUKI M 1600/Vz F 05 | SUZUKI Vz 1600 K5 F 05
p023_r4_c2,ZG-F118,YL-F118,89.6X52.1X8mm,23,4,2,p023_r4_c2_ZG-F118.png,KAWASAKI ZX6R F 00-02 | KAWASAKI 2X12R F 00-03 | KAWASAKI ZRX 1200 F 01-05 | KAWASAKI VN 1600 F 04 | SUZUKI GSXR 1000 K1/K2 F 01-02 | SUZUKI GSX 1300 RX F 99-06
p024_r1_c1,ZG-F119,YL-F119,71.3X50X8mm,24,1,1,p024_r1_c1_ZG-F119.png,KAWASAKI ZX40R F 08-10 | KAWASAKI ZR 1000 DAF F 10-13 | SUZUKI GSXR 600 K4 F 04-10 | SUZUKI GSXR 1000 F 04-11 | SUZUKI M 1800 RZ F 07-13 | SUZUKI VZR 1800 K6 F 06-09
p024_r1_c2,ZG-F123,YL-F123,102.2X39X8.2mm,24,1,2,p024_r1_c2_ZG-F123.png,HONDA CBR 250 RB/RC F 11-13 | ] HONDA cB 750 F 92.02 | KYMCO Downtown/Super Dink F 09-13 | YAMAHA WR 125 X F 09-13 | TRIUMPH Thruxton 900 F 04-13
p024_r2_c1,ZG-F120,YL-F120,69.8X46X8mm,24,2,1,p024_r2_c1_ZG-F120.png,KAWASAKI ZZR 400 F 90-99 | KAWASAKI KLZ 1000 ACF/ADF F 12-13 | KAWASAKI VN 1700 KBF/KCF/KDF =F 11-13 | SUZUKI GSXx 1250 F 10-13 | SUZUKI GSR 600 K6/K7/K8 F 06-10
p024_r2_c2,ZG-F124,YL-F124,78X41.5X9mm,24,2,2,p024_r2_c2_ZG-F124.png,YAMAHA TT600R R 97-02 | YAMAHA XT 660 Z Tenere R 08-13 | KTM Duke 620 LC4 R 94-98 | KTM EXC 520 R 01-03 | KTM 690 Enduro R R 09-13
p024_r3_c1,ZG-F121,YL-F121,68X53.5X8mm,24,3,1,p024_r3_c1_ZG-F121.png,HONDA CB 1000 F 94-95 | HONDA CBR 900 RR F 93-97 | HONDA ‘Super Hawk 1000 F 00-05 | HONDA VFR750 R F 90
p024_r3_c2,ZG-F125,YL-F125,74.6X55X8.6mm,24,3,2,p024_r3_c2_ZG-F125.png,BMW F800R F 09-413 | BMW G 650 Xmoto F 07-09 | APRILIA RSV 1000 F 03-05 | APRILIA SL 1000 F 00-04 | BENELLI TNT 899 F 07-13 | BENELLI TRE-K 1130 F 06-13
p024_r4_c1,ZG-F122,YL-F122,68X36X7mm,24,4,1,p024_r4_c1_ZG-F122.png,
p024_r4_c2,ZG-F126,YL-F126,108.7X39.5X7.5mm,24,4,2,p024_r4_c2_ZG-F126.png,HONDA cB 500 F 97-03 | HONDA NX 500 F 97-02 | BMW F 650 GS F 07-12 | BMW K 1600 GT F 11-13 | YAMAHA DT 125 x F 05-06 | YAMAHA XT 660R F 04-13
p025_r1_c1,ZG-F127,YL-F127,49.8X42.4mm,25,1,1,p025_r1_c1_ZG-F127.png,
p025_r1_c2,ZG-F131,YL-F131,,25,1,2,p025_r1_c2_ZG-F131.png,(ATV) | (ATV.
p025_r2_c1,ZG-F128,YL-F128,50.8X53.9mm,25,2,1,p025_r2_c1_ZG-F128.png,APRILIA ETV 1000 R 06-11 | APRILIA RSV 1000 R R 04-08 | CF MOTO CF 125 T-22/150 T-6A R 10-12 | BENELLI TNT 1130 R 05-12 | PIAGGIO —_X9-125 Evolution R 05-07 | PIAGGIO. Beverley Cruiser 500 ie F&R 07-11
p025_r2_c2,ZG-F132,YL-F132,97.2X51X7mm,25,2,2,p025_r2_c2_ZG-F132.png,"POLARIS 500 Ranger 4x4 Efi F&R 11-12 | POLARIS Ranger 6x6 EFi 700 Far 06-09 | POLARIS — Ranger RZR XP 900 R """
p025_r3_c1,ZG-F129,YL-F129,69.3X51.2X8.7mm,25,3,1,p025_r3_c1_ZG-F129.png,YAMAHA FZ6 Fazer S2 F 07-09 | YAMAHA TDM 900 F 05-13 | YAMAHA XJR 1300 F 05-12 | YAMAHA xVv1900 F 06-12
p025_r3_c2,ZG-F133,YL-F133,94.7X46X7mm,25,3,2,p025_r3_c2_ZG-F133.png,"ARCTIC. 250 (2X4) (Utility) FaR 05-09 | ERENS, 550 GT TRV FaR 14-12 | ARCTIC, 1000 Mudpro FaR 10-11 | ARCTIC XTX 700i Prowler FaR 14-12 | KYMCO MXU 400 (A40000)F&R 08-11 | KYMCO MXU450i (4x4 Lof) FR 12-43,"
p025_r4_c1,ZG-F130,YL-F130,90.4X41X8.2mm,25,4,1,p025_r4_c1_ZG-F130.png,POLARIS Magnum 330 R 03-06 | POLARIS 330 Trial Boss R 05-11 | POLARIS ee ued R 08-11 | POLARIS 330 Trial Blazer R 08-11
p025_r4_c2,?,?,4X41mm; 75.4X41mm,25,4,2,p025_r4_c2_UNKNOWN.png,HONDA BEAT F
p026_r1_c1,?,?,111X44.6X7.8mm; 109.5X42X7.8mm,26,1,1,p026_r1_c1_UNKNOWN.png,HONDA POX 125 F 1 | HONDA —PCX 150(WW150) F 13-15 | HONDA Bout) F 12-13 | HONDA NSC 110 Vision 110 (47) F 11-13
p026_r1_c2,ZG-F138,YL-F138,30.8X48mm,26,1,2,p026_r1_c2_ZG-F138.png,YAMAHA YZF-R1
p026_r2_c1,?,?,44.6X7.8mm; 109.5X42X7.8mm,26,2,1,p026_r2_c1_UNKNOWN.png,
p026_r2_c2,?,?,78.1X42.6X7mm,26,2,2,p026_r2_c2_UNKNOWN.png,HoNDA CRF GRF1000 Africa F 18 | HONDA CBR 600RR F 17-20 | HONDA CBR 600RR ABS F 17-20 | HONDA CB 1100RS F 18 | HONDA — (cressrunneriass) F748
p026_r3_c1,?,?,,26,3,1,p026_r3_c1_UNKNOWN.png,CF MOTO — CF 800-2 Terralander F 12-13 | QUADZILLA CUV 500 Side x Side F 10-11 | QUADZILLA X8 (4x4/EFi) F 12-13 | EXPLORER Everest 500 Li4x4 F 08-09
p026_r3_c2,ZG-F140,YL-F140,81.8X37.5mm,26,3,2,p026_r3_c2_ZG-F140.png,HONDA FO SIAAS Wing R ors | HONDA SH 1251 RAF uel R 40-13 | HONDA SH S001 ATIABIAS! R 07-13
p026_r4_c1,?,?,,26,4,1,p026_r4_c1_UNKNOWN.png,YAMAHA YZF-R1
p026_r4_c2,ZG-F141,YL-F141,100X39.2X10.mm,26,4,2,p026_r4_c2_ZG-F141.png,YAMAHA XVS 950 R 09-13 | YAMAHA FJR 1300 R 03-14 | YAMAHA XV 1700 R 09-11 | YAMAHA xV1900 R 06-12 | YAMAHA T-Max 530 R 12 | YAMAHA XP 530 Black Max R 13
p027_r1_c1,?,?,85X35mm; 454.8X36.5mm,27,1,1,p027_r1_c1_UNKNOWN.png,KAWASAKI se 260 Fro | KAWASAKI KEF 300 F 01-02 | SUZUKI Ur asoRHRURKIRE «=F «87-90 | SUZUKI LT 500 RL F 90
p027_r1_c2,ZG-F146,YL-F146,37.8X50mm,27,1,2,p027_r1_c2_ZG-F146.png,KAWASAKI ZxX6R F 07-13 | KAWASAKI Z750R F 41-12 | KAWASAKI Z 1000 F 07-09 | KAWASAKI GTR 1400 F 08-13 | KAWASAKI ZZR 1400 F 06-13
p027_r2_c1,?,?,46.8X45mm,27,2,1,p027_r2_c1_UNKNOWN.png,KAWASAKI KSF 400 R 03-05 | ARCTIC 400 DVX TS Sport R 06-07 | suZuKi LT 250 R 87-90 | suzuki LT-Z400 R 03-12 | suzuKI LT-R 450 R 06-12 | suzuki LT 500 RL R 87-90
p027_r2_c2,ZG-F147,YL-F147,107.2X37mm; 91.6X36.5mm,27,2,2,p027_r2_c2_ZG-F147.png,yawaie YFM 250 FLEFT 08-13 | YAMAWA —YFM550Grizly  FLEFT «= 09-14 | ) YAMAHA YEM 700 Grizzly FLEFT —07-13/15
p027_r3_c1,?,?,,27,3,1,p027_r3_c1_UNKNOWN.png,HONDA NT 700 R 06-13 | HONDA VFR 800 AB/AS/A9 R 06-13 | HONDA XL 1000 Varadero R 07-11 | HONDA — CBR 1100 ‘Blackbird’ = F&R 97-08 | HONDA GL1800 R 06-13 | VICTORY Arlen Ness Victory Vision F 10-12
p027_r3_c2,ZG-F147B,YL-F147B,107.2X37mm; 91.6X36.5mm,27,3,2,p027_r3_c2_ZG-F147B.png,YAMAHA YFM 250 FRight 08-13 | YAMAHA FM 550Grizzly FF Right = 09-14 | YAAA FM 700Grizzly FF Right. 07-15
p027_r4_c1,ZG-F145,YL-F145,8X53mm,27,4,1,p027_r4_c1_ZG-F145.png,APRILIA SR 50 RiFactory R 04-13 | APRILIA Sport City Cube 125 R 08-12 | BENELLI X 125/150 R 12-43 | KEEWAY RKV 125 R 10-12
p027_r4_c2,ZG-F148,YL-F148,,27,4,2,p027_r4_c2_ZG-F148.png,KAWASKI KFX 450 R Quad F Left 08-11 | KAWASKI KVF 650 F Left 05-11 | KAWASKI KVF 700 F Left 04-08
p028_r1_c1,?,?,95.5X356mm,28,1,1,p028_r1_c1_UNKNOWN.png,KAWASKI x80 F 97-00 | KAWASKI KX 85 F 01-15 | KAWASKI KX 100 F 97-15 | KAWASKI KL 250 F 00-04 | ‘SUZUKI RM85 F 05-15 | SUZUKI RM 100 K3 F 03
p028_r1_c2,ZG-F152,YL-F152,64X42mm,28,1,2,p028_r1_c2_ZG-F152.png,a cR125/250 R 05-13 | JSaV TC 250 R 05-14 | KTM 8X 125 R 04-15 | KTM EXC 125 R 04-17 | KTM XC 250 R 04-07
p028_r2_c1,ZG-F149,YL-F149,89.6X51.1mm; 67.8X526mm,28,2,1,p028_r2_c1_ZG-F149.png,KAWASAKI ZX6R R 09-13 | KAWASAKI ER-6F R 06-11 | KAWASAKI KLE 650 R 07-13 | KAWASAKI Z 1000 Sx R 11-13 | CF MOTO 650 NK R 12-13 | CF MOTO. 650 TR R 13
p028_r2_c2,ZG-F153,YL-F153,,28,2,2,p028_r2_c2_ZG-F153.png,PIAGGIO! Beverley B 125 FaR 03-06 | PIAGGIO! Skipper ST 125/150 41 | VESPA Grimeca Caliper F 00-04 | KEEWAY XRay 50 Supermoto F 08-09 | PEUGEOT — Geopolis 125 RS F 03-09 | j SHERCO Enduro 50 (EN5O) F 08-13
p028_r3_c1,?,?,97.9X63.5mm; 97.9X63.5mm,28,3,1,p028_r3_c1_UNKNOWN.png,
p028_r3_c2,ZG-F154,YL-F154,77X41X9mm,28,3,2,p028_r3_c2_ZG-F154.png,"AIP PR3IPR4 F 08-10 | PIAGGIO! | VSR X7 300 Evo F 09-10 | VESPA Xevo 125 ie F 07-10 | PIAGGIO! , | VSSRA GTS 250 iE/ABS F 05-10"
p028_r4_c1,ZG-F151,YL-F151,60X43.8mm,28,4,1,p028_r4_c1_ZG-F151.png,HONDA CR 125 R 02.07 | HONDA CRF150 R 07-14 | HONDA CR 250 R Moto R 02-45 | HONDA CRF 450 R 02-15
p028_r4_c2,ZG-F154,YL-F154,97X41X9mm; 77X41X9mm,28,4,2,p028_r4_c2_ZG-F154.png,PIAGGIO Beverly 125 (4T) R 11-14 | PIAGGIO MP3 Hybrid R 09-12 | PIAGGIO Spor uring R 10-45 | PIAGGIO X7 300 Evo R 09-12 | PIAGGIO —_ GTS 300 ie Super R 08-18
p029_r1_c1,ZG-F155,YL-F155,8X40X9mm,29,1,1,p029_r1_c1_ZG-F155.png,"HONDA HONDA-CBR 125 R 11-13 | HONDA ES RON, OR 13-19 | HONDA MSX 125 AH Grom R 18-22 | HONDA CRF 250 RLA Rally, R 17-21 | SUZUKI GSX-R 150R, R 18-21 | BENELLI TNT 125TomadoT125cc RR 17-22"
p029_r1_c2,ZG-F159,YL-F159,120.6X57X6.9mm,29,1,2,p029_r1_c2_ZG-F159.png,"POLARIS 400 Ranger F 10 | POLARIS pangs F "" | POLARIS 800 Ranger RZR-4 F 10-11 | POLARIS 800 Ranger Crew FaR 10-14 | POLARIS 900 Ranger FaR 10-15"
p029_r2_c1,?,?,65.5X44.8X12mm,29,2,1,p029_r2_c1_UNKNOWN.png,YAMAHA YFM 660; R aed | cr MOTO cF500 R 14-15 | crMoTo — CF S25-B/C X6 R 10-14 | CF MOTO CF 800-2 Terralander oR 14-15 | GOES F520 F R 07-13
p029_r2_c2,ZG-F160,YL-F160,,29,2,2,p029_r2_c2_ZG-F160.png,YAMAHA YZ 125 XIV/Z (2T) F 08-15 | YAMAHA YZ 250 XIV/Z (27) F 08-15 | YAMAHA YZ 250 rare F 07-15 | YAMAHA YZ 450 FX/FYIFZ; F 08-15
p029_r3_c1,ZG-F157,YL-F157,65.7X36mm,29,3,1,p029_r3_c1_ZG-F157.png,KAWASAKI KX 250 F R 06-15 | YAMAHA YZ 250 R 03-15 | YAMAHA WR 250 R 03-15 | APRILIA pide R 06-10 | BETA RR250 R 05-15 | ™ MX85/MX250 R 05-08
p029_r3_c2,ZG-F161,YL-F161,94X47mm; 73X47mm,29,3,2,p029_r3_c2_ZG-F161.png,ADLY Sentinal Quad F 08-09 | ADLY Canyon 280 Quad F 08-09 | KYMCO (side x Side) (U10000) F 08-10 | KYMCO. MXU 250 F 04-11 | KYMCO UxV 500 F&R 08-14 | sym Outlander 300 S Far 07-08
p029_r4_c1,ZG-F158,YL-F158,,29,4,1,p029_r4_c1_ZG-F158.png,POLARIS ‘Sportsman 6x6 R 00-08 | ] POLARIS PTV (6x6) R 00-08 | POLARIS PPS/PTV 6x6 R 10 | POLARIS PTV 6x6 R 03 | POLARIS Series 10 R 10 | POLARIS PPS LUH 6x6 R 02
p029_r4_c2,ZG-F162,YL-F162,44.2X55.6mm,29,4,2,p029_r4_c2_ZG-F162.png,
p030_r1_c1,ZG-F163,YL-F163,,30,1,1,p030_r1_c1_ZG-F163.png,POLARIS 550 SportsmanXP  F&R 09-14 | POLARIS 850 XP Sportsman F&R 09-13 | POLARIS 1000 Scrambler FaR 15 | POLARIS Forest FaR 15
p030_r1_c2,ZG-F167,YL-F167,81.8X39mm; 81.8X38.5mm,30,1,2,p030_r1_c2_ZG-F167.png,HONDA TRX 500 F 05-14 | HONDA TRX 680 F 06-15 | J HONDA TRX 700 R 08-11
p030_r2_c1,ZG-F164,YL-F164,,30,2,1,p030_r2_c1_ZG-F164.png,POLARIS 450 S Outlaw F 08 | POLARIS 525 Outlaw IRS F 08-10 | POLARIS POLARIS RZR 800 F 08-12
p030_r2_c2,ZG-F168,YL-F168,75X54X9mm,30,2,2,p030_r2_c2_ZG-F168.png,YAMAHA FZR 600 F 90-99 | YAMAHA TDM 850 F 96-01 | YAMAHA FZR 1000 F 90-91 | YAMAHA V-MAX12 F 93-03 | YAMAHA FJ 1200A F 92-93
p030_r3_c1,?,?,61.6X44.7mm; 8X48mm,30,3,1,p030_r3_c1_UNKNOWN.png,YAMAHA YZF R1 F 07-14 | YAMAHA MT-01 F 07-09 | YAMAHA VMX 1700 V-Max F 09-14 | YAMAHA MT-01S F 09
p030_r3_c2,ZG-F169,YL-F169,81.3X45.7X7.6mm,30,3,2,p030_r3_c2_ZG-F169.png,BMW R850 F 03-06 | BMW integral ABS) F 00-06 | BMW Teco Sager F 06-11 | Bmw K 1300 R Dynamic F 11-13 | BMW R 1200 R Classic F 14-12 | Bmw K 1300 R F 09-12
p030_r4_c1,ZG-F166,YL-F166,433X255mm,30,4,1,p030_r4_c1_ZG-F166.png,ARCTIC 400 2x4/4x4 (FIS) F 03-04
p030_r4_c2,ZG-F170,YL-F170,86.8X43.4mm,30,4,2,p030_r4_c2_ZG-F170.png,) HONDA CLICK V2 125/150 F
p031_r1_c1,ZG-F171,YL-F171,8X53.5mm,31,1,1,p031_r1_c1_ZG-F171.png,DAELIM $3125 F 11-14 | DAELIM SL125 F 13-14 | DAELIM sa 125 F 08-11 | KAWASAKI SC 250; F 02 | ‘SUZUKI AN 250 F 98-06 | SUZUKI SQ 125 F 08-11
p031_r1_c2,?,?,102X40.5X9mm,31,1,2,p031_r1_c2_UNKNOWN.png,YAMAHA SR 400 F 14 | YAMAHA XP 400 F 05-13 | YAMAHA XVS 400 F 96-15 | YAMAHA R T-Max F 01-03 | YAMAHA XVS 650 F 97-07 | YAMAHA XJ 900 S F 95-03
p031_r2_c1,?,?,74.5X54.4X10mm,31,2,1,p031_r2_c1_UNKNOWN.png,YAMAHA FZR250 F 87 | YAMAHA TZR 250 F 87 | YAMAHA SRX 400 F 90-96 | YAMAHA TRX850 F 96-99 | YAMAHA FJ 1200 F 89-92 | YAMAHA XJR 1200 F 95-98
p031_r2_c2,ZG-F176,YL-F176,104X46X9.mm; 3X46X9mm,31,2,2,p031_r2_c2_ZG-F176.png,"YAMAHA XT 600 E F 90-95 | YAMAHA XTZ660""Tenere"" F 91-98"
p031_r3_c1,?,?,45.1X36.7mm,31,3,1,p031_r3_c1_UNKNOWN.png,
p031_r3_c2,ZG-F177,YL-F177,53.8X50.8mm,31,3,2,p031_r3_c2_ZG-F177.png,APRILIA Scarabeo 100 (2T) F 00 | APRILIA (SADOSIVAO0D) F 01-09 | APRILIA Habana 125 F 00-02 | APRILIA. _ MoiitMjito Custom F 02-12
p031_r4_c1,ZG-F174,YL-F174,59.8X57X8mm,31,4,1,p031_r4_c1_ZG-F174.png,Honpa VT 750.C2SAVC258 R 10-12 | KAWASAKI GTR 1400 R 06-19 | KAWASAKI ZZR 1400 R 06-19 | SUZUKI GSXR 600 R 04-05 | SUZUKI SF 650 R 05-06 | SUZUKI GSx 1400 R 02.07
p031_r4_c2,ZG-F178,YL-F178,118X45.6X8.3mm,31,4,2,p031_r4_c2_ZG-F178.png,HONDA FES 125150 F 07-15 | HONDA SH 125 F 09-13 | f HONDA SW-T 400 F 09-14 | HONDA CBF 600 F 08-12 | HONDA Nc 700 F 14 | SUZUKI UX 125 F 08-14
p032_r1_c1,ZG-F179,YL-F179,4X40mm; 95.3X36mm,32,1,1,p032_r1_c1_ZG-F179.png,
p032_r1_c2,ZG-F182,YL-F182,118X45.6X8mm,32,1,2,p032_r1_c2_ZG-F182.png,HONDA CBR250 RAABS. F 14-44 | HONDA Special edition F 12-13 | SUZUKI LAML2IL3iL4 F 08-14
p032_r2_c1,?,?,4X40mm; 3X36mm,32,2,1,p032_r2_c1_UNKNOWN.png,
p032_r2_c2,ZG-F183,YL-F183,38X47.5mm,32,2,2,p032_r2_c2_ZG-F183.png,
p032_r3_c1,?,?,,32,3,1,p032_r3_c1_UNKNOWN.png,KAWASAKI oN Aee F 00-15 | SUZUKI RM 65 KSIK4/K5 F 03-05
p032_r3_c2,ZG-F184,YL-F184,435X53X10mm,32,3,2,p032_r3_c2_ZG-F184.png,
p032_r4_c1,ZG-F181,YL-F181,68X48X8mm,32,4,1,p032_r4_c1_ZG-F181.png,KEEWAY RKV Empire F 10-15
p032_r4_c2,ZG-F185,YL-F185,100X39.8X9.5mm,32,4,2,p032_r4_c2_ZG-F185.png,
p033_r1_c1,ZG-F186,YL-F186,89X42mm; 4X9mm,33,1,1,p033_r1_c1_ZG-F186.png,
p033_r1_c2,ZG-F190,YL-F190,,33,1,2,p033_r1_c2_ZG-F190.png,HONDA CRF1000LAfrica Twin F 16-17 | HONDA DCTABS F 16-17 | HONDA CB 125R F 18 | HONDA (XADV DCT) F 17-18
p033_r2_c1,?,?,94X36X9.8mm,33,2,1,p033_r2_c1_UNKNOWN.png,Kymco 'S425/xeiting 260 | Kymco people $125 | Kymco Xciting 250
p033_r2_c2,ZG-F191,YL-F191,39.8X457mm,33,2,2,p033_r2_c2_ZG-F191.png,
p033_r3_c1,?,?,77.8X50.7X15mm,33,3,1,p033_r3_c1_UNKNOWN.png,
p033_r3_c2,ZG-F192,YL-F192,,33,3,2,p033_r3_c2_ZG-F192.png,
p033_r4_c1,ZG-F189,YL-F189,43X48.6mm,33,4,1,p033_r4_c1_ZG-F189.png,
p033_r4_c2,ZG-F193,YL-F193,31.8X51.4mm,33,4,2,p033_r4_c2_ZG-F193.png,VESPA PX125 F 98-15
p034_r1_c1,?,?,61.8X31.5mm,34,1,1,p034_r1_c1_UNKNOWN.png,"KTM 65 Sx F 04-08 | KTM SX 65 FaR 09-16 | KTM XC 65 FaR 09-10 | KTM 85 SX(17""/14"" Wheels) F&R 03-11 | KTM XC 85/105 FaR 08-09 | KTM 8X 105 FaR o7-11"
p034_r1_c2,ZG-F198,YL-F198,50X47.4mm,34,1,2,p034_r1_c2_ZG-F198.png,"RIEJU Tango 125 R 06-20 | RIEJU Tango 50(2T) R 13-15, | MASH Two Fifty 250 R 14-16 | SHERCO  SE1.25 F Enduro(4T) R 10-12"
p034_r2_c1,ZG-F195,YL-F195,52X41.5mm,34,2,1,p034_r2_c1_ZG-F195.png,
p034_r2_c2,ZG-F199,YL-F199,100X38.5X11.5mm,34,2,2,p034_r2_c2_ZG-F199.png,YAMAHA YP 400 SY (Non R 04-13 | yamaHa XP 500 TMax Non ABS 08-11 | YAMAHA XP S00 1 Max (ABS R 08-11 | YAMAHA YP 400 Majesty(ABS) «RR 07-13
p034_r3_c1,ZG-F196,YL-F196,34.6X39mm,34,3,1,p034_r3_c1_ZG-F196.png,
p034_r3_c2,ZG-F200,YL-F200,55.5X54.6mm,34,3,2,p034_r3_c2_ZG-F200.png,PIAGGIO X8 125 ie R o7 | PIAGGIO X8 150 Street R o7 | PIAGGIO XB 250 ie R 05-07 | PIAGGIO x9 250 R 05-07 | PIAGGIO Beverley 500 R 06
p034_r4_c1,?,?,94X40X7.3mm,34,4,1,p034_r4_c1_UNKNOWN.png,YAMAHA — XP 250 R-X-Max (ICO) F 05-09 | YAMAHA YP 125 R (X-Max) F 06-09 | MBK YP 125 Skycruiser F 06-10
p034_r4_c2,ZG-F201,YL-F201,125.6X44.7X8.7mm,34,4,2,p034_r4_c2_ZG-F201.png,HONDA REWER. FaR 93-99 | | HONDA CBR 1000F F 93-99
p035_r1_c1,ZG-F202,YL-F202,69.3X49mm; 6X6.8mm,35,1,1,p035_r1_c1_ZG-F202.png,TRIUMPH Tiger 1050 Sport ABS F 13-45 | INDIAN Roadmaster Dark Horse =F 17-22 | KAWASAK! 2900 PeromanceincSEABS —F 18-22 | VICTORY Cross Country Touring F 13-417 | SUZUKI GSX-S 750 AYIZIXL F 18-21
p035_r1_c2,ZG-F206,YL-F206,67X49X9.mm,35,1,2,p035_r1_c2_ZG-F206.png,HONDA CX 500 CA/CB/Z/A/B F 79-81 | HONDA “Goldwing” F 78-79
p035_r2_c1,ZG-F203,YL-F203,70X55X8.5mm,35,2,1,p035_r2_c1_ZG-F203.png,SUZUKI GSF1200SA Bandit F 97 | SUZUKI Suzuki GSX-R1100 F 89-92 | SUZUKI ‘Suzuki GSX-R750 F 89-93 | SUZUKI Suzuki RF900R F 94-97 | YAMAHA FZR750R F 89-90
p035_r2_c2,ZG-F207,YL-F207,58X53.5X8.6mm,35,2,2,p035_r2_c2_ZG-F207.png,suzuki SSX 1100 RUESELL F 88-94 | SUZUKI RG 400/VS 400 F 94 | SUZUKI VS 600GLS/GLTIGLV —F 95-97 | suzuki YS7O0SLFNIGLPHH 5 gga | SUZUKI GSXR 750 FIGIH F 85-87 | SUZUKI vs 1400 FaR 87-03
p035_r3_c1,?,?,71.6X44.8X11mm,35,3,1,p035_r3_c1_UNKNOWN.png,"suzuki SS S50 ETEN EZ F 81-83 | SUZUKI GR650D/XD Tempter F 83 | SUZUKI SES F 81-83 | SUZUKI ""75x-114747-) Katana F 84 | SUZUKI XN 85 Turbo F 83 | SUZUKI GS 1000 ET F at"
p035_r3_c2,ZG-F208,YL-F208,59X57.8X7.8mm,35,3,2,p035_r3_c2_ZG-F208.png,SUZUKI GSX 1100 GM/GN; R 91-93 | SUZUKI VX 800 L/M/N/P/R/T R 90-93 | SUZUKI GW 250 L3 Inazuma
p035_r4_c1,ZG-F205,YL-F205,67X49.6X11mm,35,4,1,p035_r4_c1_ZG-F205.png,YAMAHA XS 250 D/E F 79-81 | YAMAHA SR 500 F 78-82 | YAMAHA XJ 650 F 80-84 | YAMAHA XS 650 SE FaR 79-80 | YAMAHA XS 750 FaR 77-79 | YAMAHA XS 850 Far 80
p035_r4_c2,ZG-F209,YL-F209,50X53mm,35,4,2,p035_r4_c2_ZG-F209.png,"SUZUKI GT 125 C/EC/EN F 78-79 | SUZUKI GT 200 ENIEX ""x5"" F 79-82 | SUZUKI GT 250 EN/ET/EX ""X7"" F 78-81 | SUZUKI GS 550 DB/DC/EC/EN F 17-79 | SUZUKI GS 850 GN/GT/GX F 79-81 | SUZUKI GS 1000 HC/EC/EN/ISN F 78-80"
p036_r1_c1,ZG-F210,YL-F210,113.4X41mm; 109X50.3mm,36,1,1,p036_r1_c1_ZG-F210.png,YAMAHA 125 XENTER | YAMAHA Bws125
p036_r1_c2,ZG-F213,YL-F213,90.5X62X8.1mm,36,1,2,p036_r1_c2_ZG-F213.png,HARLEY FXDC Super Glide : | DAVIDSON Custom F 08-13 | HARLEY Dyna Wide Glide F 10-12 | HARLEY | CHARLEY | ELSTN Softail Deluxe F 08-13 | CHARLEY | FLD Switchback F 12.13
p036_r2_c1,ZG-F211,YL-F211,83.3X47mm; 99X44mm,36,2,1,p036_r2_c1_ZG-F211.png,SUZUKI RG 125 R 92-94 | SUZUKI DR 600 RK R 89 | SUZUKI DR 650 RER/RES R 94-95 | SUZUKI DR 750 SK R 89 | SUZUKI DR 800 SLSK R 90 | YAMAHA DTZ 125 Tenere/Tenere R 89-90
p036_r2_c2,ZG-F214,YL-F214,76.7X49.6mm,36,2,2,p036_r2_c2_ZG-F214.png,APRILIA Superotad F 06-13 | APRILIA Pegaso 650 Factory F 06-08 | HUSABERG FS 450E F 06-08 | HUSABERG FS 650 E Supermoto F 05-08 | KTM SMR 450 F 05-06 | KTM SMR 650 Supermoto F 06
p036_r3_c1,?,?,88.3X46X9.8mm,36,3,1,p036_r3_c1_UNKNOWN.png,HONDA GB 250 J/LIP/SIV F 89-97 | HONDA XL 600 VM/VNIVP F 91-93 | HONDA vT600.GIN F 93 | HONDA GL1500 F 88-00 | CAGIVA Canyon 500 F 96-00 | CAGIVA E 750 Elefant F 93-95
p036_r3_c2,ZG-F215,YL-F215,58X54X9mm,36,3,2,p036_r3_c2_ZG-F215.png,SUZUKI GSX250S KATANA R 86 | SUZUKI _LS65OF savage R 90-98 | SUZUKI GSX1100S Katana R 00
p036_r4_c1,ZG-F212A,YL-F212A,88.3X46X9.8mm,36,4,1,p036_r4_c1_ZG-F212A.png,AN 250 SkywaveTypeM = R 07-08 | AN 400 R 07-13
p036_r4_c2,ZG-F216,YL-F216,72.6X53.4X8mm,36,4,2,p036_r4_c2_ZG-F216.png,"SYM ‘SB 250 Ni Wolf $B F 1-13, | SYM Max Sym 4001 inc ABS F 1114 | SYM Max Sym 6001 ABS F 4415 | AEON Elite 4001 ABS F 14-15,"
p037_r1_c1,ZG-F217,YL-F217,1X48mm,37,1,1,p037_r1_c1_ZG-F217.png,"SYM Max R 11-15, | SYM 400i (Inc ABS) R 11-16"
p037_r1_c2,ZG-F220C,YL-F220C,2X39.5X7mm,37,1,2,p037_r1_c2_ZG-F220C.png,SEER —HPX4x4 Gator (Peto) cap 40-11 | Deere Gator (Petrol) FaR 10-11 | CANAM DS 450 (2x4/EFi) R 08-12 | CANAM DS 450 XXC/XXM R 40-12
p037_r2_c1,ZG-F217A,YL-F217A,83.1X48mm,37,2,1,p037_r2_c1_ZG-F217A.png,SYM — Max Sym 400i (IncABS) RR 11-43
p037_r2_c2,ZG-F221,YL-F221,98X48.4mm; 8X38.5mm,37,2,2,p037_r2_c2_ZG-F221.png,YAMAHA mri F 15-18 | YAMAHA em oe F 15-17 | >) YAMAHA —_LTS 125-C Delight F 17-18
p037_r3_c1,ZG-F218,YL-F218,113.5X52.8mm; 97.4X40mm,37,3,1,p037_r3_c1_ZG-F218.png,YAMAHA R25 R | YAMAHA MT-25 R | YAMAHA YZF250(B4P3) R | YAMAHA —_-YZF-R25(2YD1) R | °) YAMAHA X-MAX-BJR2 R
p037_r3_c2,ZG-F222,YL-F222,64.7X41.2mm,37,3,2,p037_r3_c2_ZG-F222.png,
p037_r4_c1,?,?,99.3X44.8mm,37,4,1,p037_r4_c1_UNKNOWN.png,YAMAHA R25 F | YAMAHA MT-25 F | YAMAHA YZF250(B4P3) F | YAMAHA —_-YZF-R25(2YD1) F | YAMAHA X-MAX-BUR2 F
p037_r4_c2,ZG-F223,YL-F223,,37,4,2,p037_r4_c2_ZG-F223.png,1 Dey FXDB Street Bob R 08-13 | OaSon  FOXL Low Rider R 08-09 | DAVIDSON FXDF Fat Bob R 08-13 | Oey FXSTB Night Train R 08-09 | COR ey FLS Softail Slim R 12-13
p038_r1_c1,ZG-F224,YL-F224,,38,1,1,p038_r1_c1_ZG-F224.png,YAMAHA XT 350 B-H R 91-96 | YAMAHA 125 Apache F 90- | GILERA RC 125 Top Rally F 90- | GILERA RC 600 Top Rally F 90-
p038_r1_c2,ZG-F228,YL-F228,69.7X45.7X8mm,38,1,2,p038_r1_c2_ZG-F228.png,KTM Duke 125(4)12-13F F 11-18 | KTM Duke 200(4T)12-13F F 12-15 | KTM RC 125 F 14-20 | BMW G310R F 17-20 | HUSQVARNA —_Vitpilen 401(4T) F 18-20
p038_r2_c1,ZG-F422,YL-F422,65X43.8X12mm,38,2,1,p038_r2_c1_ZG-F422.png,
p038_r2_c2,ZG-F229,YL-F229,44.6X349mm,38,2,2,p038_r2_c2_ZG-F229.png,
p038_r3_c1,ZG-F226,YL-F226,49.6X48.2mm,38,3,1,p038_r3_c1_ZG-F226.png,
p038_r3_c2,ZG-F230,YL-F230,114.6X30mm; 94.5X38.8mm,38,3,2,p038_r3_c2_ZG-F230.png,YAMAHA _ RS Zero/RSZ/JOG5O F 14
p038_r4_c1,ZG-F227,YL-F227,74.8X51.7X7mm,38,4,1,p038_r4_c1_ZG-F227.png,
p038_r4_c2,ZG-F230,YL-F230,114.6X308mm; 94.5X38.8mm,38,4,2,p038_r4_c2_ZG-F230.png,YAMAHA RS Zero/RSZ/JOG50 F 14
p039_r1_c1,ZG-F231,YL-F231,99.2X42.1mm; 83.5X41.5mm,39,1,1,p039_r1_c1_ZG-F231.png,
p039_r1_c2,ZG-F235,YL-F235,59X40X7.5mm,39,1,2,p039_r1_c2_ZG-F235.png,"Husev CR 65 R 11-13 | KTM SX 85(17/14""'wheels) 11-13 | KTM SX 85(19'/16'wheels) «RR 11-13 | KTM Freeride E(Electric) R 12"
p039_r2_c1,ZG-F232,YL-F232,35.5X49.5mm,39,2,1,p039_r2_c1_ZG-F232.png,PIAGGIO Sfera RST 50 F 95-97 | PIAGGIO Sfera 125 F 95-97
p039_r2_c2,ZG-F236,YL-F236,87.4X48X9.mm,39,2,2,p039_r2_c2_ZG-F236.png,Dorsoduro 750(ABS) F 08-13
p039_r3_c1,?,?,81X42X8.3mm,39,3,1,p039_r3_c1_UNKNOWN.png,HONDA CR125 RE/RF/RG R 84-86 | HONDA MTXBRERWEIRIVF! gp g5.95 | HONDA XL125 RF/RH R 85-86 | HONDA FTR223 (MC34) Y/2/A2 R 00-02 | HONDA XLR250 R (MD22) R 88-90 | HONDA —TRX250RGIRHIRURK «RR 86-89
p039_r3_c2,ZG-F237,YL-F237,68.6X55.7X8.9mm,39,3,2,p039_r3_c2_ZG-F237.png,APRILIA. RS 125(Radial Caliper) 06-13 | APRILIA Shiver 750 GT F 09-10 | APRILIA hiver 750 F 07-10 | KYMCO Xeiting 400i F 17-20 | KYMCO Xciting S 400i F 17-20
p039_r4_c1,?,?,41.1X42.5mm,39,4,1,p039_r4_c1_UNKNOWN.png,KTM/HUS 85 SX 17/14/85 SX
p039_r4_c2,ZG-F238,YL-F238,117.6X41X8.6mm,39,4,2,p039_r4_c2_ZG-F238.png,APRILIA _ Atlantic 300/Scarabeo F 03-05 | 1 APRILIA —__Allantic Sprint 400 F 05-08 | K-XCT 125;PEUGEOT | KYMCO LOOXOR 125/150 F 10-11 | PIAGGIO Touring (330cc/4T) F 13
p040_r1_c1,ZG-F239,YL-F239,61.5X47.1X7.3mm,40,1,1,p040_r1_c1_ZG-F239.png,BUELL 11250R F 09-10 | BUELL —_XB12SCG Lightning F 09-10 | BUELL XB12 SS Lightning F 09-10
p040_r1_c2,ZG-F243,YL-F243,55.8X60X10mm,40,1,2,p040_r1_c2_ZG-F243.png,
p040_r2_c1,ZG-F240,YL-F240,64.8X46.1X10mm,40,2,1,p040_r2_c1_ZG-F240.png,
p040_r2_c2,ZG-F244,YL-F244,75X39.5mm,40,2,2,p040_r2_c2_ZG-F244.png,HONDA —-TRX 420 FAS/FAA R 09-10 | HONDA — TRX 420 FPAS/FPAA R 09-10 | HONDA TRX 450 R 04-09 | HONDA TRX 650 R 03-05 | HONDA TRX 680 R 06-10
p040_r3_c1,ZG-F241,YL-F241,40X52X8mm,40,3,1,p040_r3_c1_ZG-F241.png,
p040_r3_c2,ZG-F245,YL-F245,,40,3,2,p040_r3_c2_ZG-F245.png,HONDA —CRF250L CRF 250L F 1347 | CANAM DS 450(2x4/EFI) F 08-12 | CANAM DS 450X(2x4/EFI) F 08-09 | CAN AM DS 450 Xx4/Xxm F 10-12 | CANAM WK BIKES WK 400 Trail =F 15-17
p040_r4_c1,?,?,41.6X42.6mm,40,4,1,p040_r4_c1_UNKNOWN.png,
p040_r4_c2,ZG-F246,YL-F246,94X33X8mm,40,4,2,p040_r4_c2_ZG-F246.png,csc Cyclone 250 F 15-16
p041_r1_c1,ZG-F247,YL-F247,155.2X52.9X7.5mm,41,1,1,p041_r1_c1_ZG-F247.png,
p041_r1_c2,ZG-F251,YL-F251,315X574mm,41,1,2,p041_r1_c2_ZG-F251.png,BETA TR34 125/260 R 86-88 | PIAGGIO Free Delivery 50 F 00-01
p041_r2_c1,ZG-F248,YL-F248,47X38.5mm,41,2,1,p041_r2_c1_ZG-F248.png,
p041_r2_c2,ZG-F252,YL-F252,79.8X43.5mm,41,2,2,p041_r2_c2_ZG-F252.png,YAMAHA _ ABS/Heng Tong R 14-16 | YAMAHA RX-MAX(2DLNon ABS RR 14-16
p041_r3_c1,ZG-F249,YL-F249,94X36X10mm,41,3,1,p041_r3_c1_ZG-F249.png,SYM RV200 R 12-44 | SYM RV250 (Im 250w) R 07-12
p041_r3_c2,ZG-F253,YL-F253,103.4X42mm; 62.9X34.5mm,41,3,2,p041_r3_c2_ZG-F253.png,QUADZILLA CVT 150 R 10-11 | PGO BR-200 Bugdrider R 07-12 | PGO BR 250 E Bugrider R 05-12 | ADLY 300 RS Quad R 07-08
p041_r4_c1,ZG-F250,YL-F250,85.1X51X8mm,41,4,1,p041_r4_c1_ZG-F250.png,Spyder F3 /Ducati 899 | APRILIA Caponord 1200 Tuono F 13
p041_r4_c2,ZG-F254,YL-F254,45.9X52.5mm,41,4,2,p041_r4_c2_ZG-F254.png,"YAMAHA EW 50 STUNT F 01-03 | YAMAHA EW 50 Slider F 00-05 | yamaHa NS SP.Berox ened oR 13 | YAMAHA YQ 50Aerox R/AeroxR —-R 97-13, | MBK YQ 50 Nitro Naked R 06-10"
p042_r1_c1,?,?,52X40.4X8mm,42,1,1,p042_r1_c1_UNKNOWN.png,
p042_r1_c2,ZG-F259,YL-F259,60X39X8mm,42,1,2,p042_r1_c2_ZG-F259.png,
p042_r2_c1,ZG-F256,YL-F256,59.7X38X9mm,42,2,1,p042_r2_c1_ZG-F256.png,
p042_r2_c2,ZG-F260,YL-F260,91.2X44.8mm,42,2,2,p042_r2_c2_ZG-F260.png,
p042_r3_c1,ZG-F257,YL-F257,,42,3,1,p042_r3_c1_ZG-F257.png,
p042_r3_c2,ZG-F260,YL-F260,92.3X48.5mm; 745X448mm,42,3,2,p042_r3_c2_ZG-F260.png,
p042_r4_c1,ZG-F258,YL-F258,60X45X7.6mm,42,4,1,p042_r4_c1_ZG-F258.png,
p042_r4_c2,ZG-F261,YL-F261,50X48.5X8mm,42,4,2,p042_r4_c2_ZG-F261.png,
p043_r1_c1,ZG-F263,YL-F263,63.9X26.1X7.6mm,43,1,1,p043_r1_c1_ZG-F263.png,
p043_r1_c2,ZG-F266,YL-F266,59.4X61.7mm; 59.4X61.7mm,43,1,2,p043_r1_c2_ZG-F266.png,HARLEY | OARLEY | FLT/FLHT/FLHTCI F 84-99 | CHORE) FLHRVFLHRCI F 94-99 | OREN FXSTSIFXSTSI F 00-05 | DOR y FLSTS Heritage Springer F 00-03 | HARLEY __ FLSTSC/FLSTSCi F 06.07
p043_r2_c1,ZG-F264,YL-F264,73.1X51.6X10.4mm,43,2,1,p043_r2_c1_ZG-F264.png,
p043_r2_c2,ZG-F267,YL-F267,103.8X62mm,43,2,2,p043_r2_c2_ZG-F267.png,HARLEY — EXSTS/FLST/FLSTC/ ag 87-99 | HARLEY XL/XLHIXLCH/XLS/ | DAVIDSON XLX Late R 87-99 | DavIDgon —-EXRIFXRS/FXRT/ R 87-99
p043_r3_c1,ZG-F265,YL-F265,101.2X43.5mm; 98.1X43.5mm,43,3,1,p043_r3_c1_ZG-F265.png,HONDA TITAN 150/160 17-18 | HONDA COMB BRAKE 18
p043_r3_c2,ZG-F268,YL-F268,87.3X42.7mm,43,3,2,p043_r3_c2_ZG-F268.png,POLARIS Ranger RZR 170 F 09-11 | POLARIS 200PhoenidRearDumMode) =F 10-14
p043_r4_c1,ZG-F265B,YL-F265B,101.2X43.5mm; 98.1X43.5mm,43,4,1,p043_r4_c1_ZG-F265B.png,HONDA PCX 125 F 18-20
p043_r4_c2,ZG-F269,YL-F269,92.7X40.5X8mm,43,4,2,p043_r4_c2_ZG-F269.png,SUZUKI GIXXER150 R
p044_r1_c1,ZG-F270,YL-F270,93X65mm; 93X65mm,44,1,1,p044_r1_c1_ZG-F270.png,
p044_r1_c2,ZG-F274,YL-F274,2X38X9.2mm,44,1,2,p044_r1_c2_ZG-F274.png,HONDA Crossrunner 800 R 12-13 | HONDA CB {O00RORNRBRC —g ——go.13 | HONDA VFR 1200 FA/FB R 10-13
p044_r2_c1,ZG-F271,YL-F271,6X51.1mm; 68.8X43.9mm,44,2,1,p044_r2_c1_ZG-F271.png,KAWASAKI EL 250 ‘Eliminator’ F 87-89 | KAWASAKI EL 250 D1-D5 F 90-94 | KAWASAKI fairs) F 96-03 | KAWASAKI Scorpion) F 83-88 | KAWASAKI GPZ250R(EX250E)  F&R 86
p044_r2_c2,ZG-F275,YL-F275,8X47X7.5mm,44,2,2,p044_r2_c2_ZG-F275.png,"APRILIA Mana 850 R 08-11 | APRILIA Veo Meas) R 09-13, | APRILIA Mana 850 ABS R 08-13, | MOZS V7 Racer 750 (Spoke) R 12-13 | MGZR V7 Stone (Cast wheel) R 12-13"
p044_r3_c1,ZG-F272,YL-F272,103.8X62X11.4mm,44,3,1,p044_r3_c1_ZG-F272.png,"Oy FLTFLHT/FLHTCI R 86-99 | OMOEY, — FLHRUFLHRCI R 94-99"
p044_r3_c2,ZG-F276,YL-F276,64.6X42mm,44,3,2,p044_r3_c2_ZG-F276.png,HONDA CB115 R
p044_r4_c1,ZG-F273,YL-F273,104.5X40.5mm,44,4,1,p044_r4_c1_ZG-F273.png,) SUZUKI RAIDER R150(Fi) R
p044_r4_c2,ZG-F277,YL-F277,101.5X42.8mm; 83X42.8mm,44,4,2,p044_r4_c2_ZG-F277.png,
p045_r1_c1,?,?,101.5X42.8mm; 83X42mm,45,1,1,p045_r1_c1_UNKNOWN.png,
p045_r1_c2,ZG-F279B,YL-F279B,88.8X36.5mm; 88.8X36.5mm,45,1,2,p045_r1_c2_ZG-F279B.png,HONDA MUV 700 Big Red R(LEFT) 09-13
p045_r2_c1,ZG-F278,YL-F278,117.2X50.3mm; 94X503mm,45,2,1,p045_r2_c1_ZG-F278.png,
p045_r2_c2,ZG-F280,YL-F280,103.8X43.2mm; 103.8X43mm,45,2,2,p045_r2_c2_ZG-F280.png,HONDA — MUV 700 BigRed = R(LEFT) (09413. | HONDA SXS700M2Poneer(2 Seat) R(LEFT) 14 | HONDA —SXS700M2Pioneor(4 Seat) R(LEFT) 14
p045_r3_c1,ZG-F278B,YL-F278B,117.2X50.3mm; 94X50.3mm,45,3,1,p045_r3_c1_ZG-F278B.png,
p045_r3_c2,ZG-F280B,YL-F280B,103.8X43.2mm; 103.8X43.2mm,45,3,2,p045_r3_c2_ZG-F280B.png,HONDA MUV 700 BigRed  R(LEFT) 09-13 | HONDA —SXS700M2 Pioneer(2 Seat) R(LEFT) 14 | HONDA SXS700M2 Pioneer(4 Seat) R(LEFT) 14
p045_r4_c1,ZG-F279,YL-F279,88.8X36.5mm; 88.8X36.5mm,45,4,1,p045_r4_c1_ZG-F279.png,HONDA MUV 700 BigRed (RIGHT) 09-13
p045_r4_c2,ZG-F281,YL-F281,,45,4,2,p045_r4_c2_ZG-F281.png,"POLARIS. RZR 170 R 09-15,"
p046_r1_c1,ZG-F282,YL-F282,,46,1,1,p046_r1_c1_ZG-F282.png,
p046_r1_c2,ZG-F286,YL-F286,59.8X39.7X10mm,46,1,2,p046_r1_c2_ZG-F286.png,
p046_r2_c1,ZG-F283,YL-F283,96.8X39.3mm; 77.3X39.3mm,46,2,1,p046_r2_c1_ZG-F283.png,YAMAHA BW's 125 F 09-17 | YAMAHA Zuma 125 F 09-15
p046_r2_c2,ZG-F287,YL-F287,59.8X37.6X12mm,46,2,2,p046_r2_c2_ZG-F287.png,
p046_r3_c1,ZG-F284,YL-F284,65.9X42.9X9.5mm,46,3,1,p046_r3_c1_ZG-F284.png,
p046_r3_c2,ZG-F288,YL-F288,81.1X33.6X7mm,46,3,2,p046_r3_c2_ZG-F288.png,CFMOTO CF250NK
p046_r4_c1,ZG-F285,YL-F285,,46,4,1,p046_r4_c1_ZG-F285.png,
p046_r4_c2,ZG-F289,YL-F289,92X62.5X16mm,46,4,2,p046_r4_c2_ZG-F289.png,
p047_r1_c1,ZG-F290,YL-F290,9X38.3X10mm,47,1,1,p047_r1_c1_ZG-F290.png,
p047_r1_c2,ZG-F294,YL-F294,85.5X37.7X8.9mm,47,1,2,p047_r1_c2_ZG-F294.png,KYMCO AK550 R 17-18 | KYMCO CK600T-10 R
p047_r2_c1,ZG-F291,YL-F291,80X46.1X13mm,47,2,1,p047_r2_c1_ZG-F291.png,
p047_r2_c2,ZG-F294B,YL-F294B,85.5X37.7X8.9mm,47,2,2,p047_r2_c2_ZG-F294B.png,"KAWASAKI Teryx KRX 1000 R | KAWASAKI ""SpeeisiEulton R | Kawasaki TX RX 1000 R | Kawasaki TENE R | Kawasaki TVX KRY Seat R | KYMCO KRider400 ABS R"
p047_r3_c1,ZG-F292,YL-F292,,47,3,1,p047_r3_c1_ZG-F292.png,"HARLEY _ Harley-Davidson | DAVIDSON —SuperLow 1200 XLT 14-17 | DRARLEY, Sportster Seventy-two 14-16 | Defy 1200 Custom EFI XLC 14-19 | eneoN Sportster Forty Eight 14-19 | DMSON tron 883 XLN 14-19"
p047_r3_c2,ZG-F295,YL-F295,,47,3,2,p047_r3_c2_ZG-F295.png,"QUADZILLA QZ 320 £4°4,325 4*4 F 10-11"
p047_r4_c1,ZG-F293,YL-F293,82X42.1X9.9mm,47,4,1,p047_r4_c1_ZG-F293.png,HARLEY FLFBS Fat boy R ‘8 | HARLEY FLHC Heritage (RIGHT) 18 | HARLEY | BARLEY FXBRS Breakout R 18-20 | HARLEY FLDE Deluxe R 18-20 | HARLEY FXEB Fat Bob R 18-20
p047_r4_c2,ZG-F296,YL-F296,106X39X9mm; 76.3X27.7mm,47,4,2,p047_r4_c2_ZG-F296.png,KAWASAKI] épD7E Nia 260 R 88-07 | ’ SUZUKI RGV250MINIPIRISIT —-R 91-96
p048_r1_c1,ZG-F297,YL-F297,75X39.8mm; 75X39.8mm,48,1,1,p048_r1_c1_ZG-F297.png,HONDA (NX 250 J/K/RIR3) R 89-94 | HONDA CRM eat 1806985) R 89-90 | HONDA RTL 250S R 88-89 | HONDA — XLR 250 R (MD22) R 88-90 | HONDA (MD22) R | HONDA TLM 260 89-93
p048_r1_c2,ZG-F300,YL-F300,122.4X39.9X8.3mm; 122.4X39.9X8.3mm,48,1,2,p048_r1_c2_ZG-F300.png,
p048_r2_c1,ZG-F298,YL-F298,130.2X50.6X8mm; 128.1X45X8mm,48,2,1,p048_r2_c1_ZG-F298.png,SYM CARGO
p048_r2_c2,ZG-F301,YL-F301,108.5X40.8X8.mm; 5X40.8X8.9mm,48,2,2,p048_r2_c2_ZG-F301.png,
p048_r3_c1,ZG-F298B,YL-F298B,130.2X50.6X8mm; 128.1X45X8mm,48,3,1,p048_r3_c1_ZG-F298B.png,"LexmoTO —_,ZSXF, 128 F 16-20 | LEXMOTO eraser ea F 16-20 | SINNIS icodlum 12: F 17-20"
p048_r3_c2,ZG-F302,YL-F302,,48,3,2,p048_r3_c2_ZG-F302.png,YAMAHA XZ 1000R F 16-21 | | YAMAHA Special Edition F 16-21
p048_r4_c1,ZG-F299,YL-F299,,48,4,1,p048_r4_c1_ZG-F299.png,
p048_r4_c2,ZG-F303,YL-F303,,48,4,2,p048_r4_c2_ZG-F303.png,
p049_r1_c1,ZG-F304,YL-F304,104X354.mm,49,1,1,p049_r1_c1_ZG-F304.png,YAMAHA YXZ 1000 R R 16-21 | | YAMAHA —YX2.1000 EPS R 16-21
p049_r1_c2,ZG-F308,YL-F308,1X40mm; 89X10mm,49,1,2,p049_r1_c2_ZG-F308.png,HONDA Prone eae F Left 16-21 | HONDA peed Fle 16-21 | | HONDA Talon 1000 R F 19:21 | HONDA Talon 1000 X F 19-21 | HONDA Talon 1000 X-4 F 19-21
p049_r2_c1,ZG-F305,YL-F305,,49,2,1,p049_r2_c1_ZG-F305.png,» POLARIS —-RZRXP4Tubo F 19:20
p049_r2_c2,ZG-F308B,YL-F308B,,49,2,2,p049_r2_c2_ZG-F308B.png,HONDA Plone eae F Left 16-21 | ] HONDA —Ploneer 1000SXS_— Let 16-21 | HONDA Talon 1000 R F 19:21 | HONDA Talon 1000 X F 19-21 | HONDA Talon 1000 X-4 F 19-21
p049_r3_c1,ZG-F306,YL-F306,,49,3,1,p049_r3_c1_ZG-F306.png,POLARIS Stampede 900XT F 17-19 | POLARIS Xt ine LID. F 18-19 | POLARIS incTT Kanati F 18 | POLARIS Wildcat Sport LTD F 16
p049_r3_c2,ZG-F309,YL-F309,,49,3,2,p049_r3_c2_ZG-F309.png,
p049_r4_c1,ZG-F307,YL-F307,70X44.9X8mm,49,4,1,p049_r4_c1_ZG-F307.png,CF_MOTO NK250/SR
p049_r4_c2,ZG-F310,YL-F310,92X47.4X9.8mm,49,4,2,p049_r4_c2_ZG-F310.png,
p050_r1_c1,ZG-F311,YL-F311,62X46X8mm,50,1,1,p050_r1_c1_ZG-F311.png,KYMCO. JACK125 F
p050_r1_c2,ZG-F313B,YL-F313B,,50,1,2,p050_r1_c2_ZG-F313B.png,HONDA Pores R Right 16-21 | HONDA. Prone seater) R Right 16-21 | HONDA Talon 1000 R R 19-21 | HONDA Talon 1000 X R 19-21 | HONDA. Talon 1000 X-4 R 19-21
p050_r2_c1,ZG-F311,YL-F311,,50,2,1,p050_r2_c1_ZG-F311.png,KAWASAKI KX125 250 500 R
p050_r2_c2,ZG-F314,YL-F314,,50,2,2,p050_r2_c2_ZG-F314.png,
p050_r3_c1,ZG-F312,YL-F312,96.6X44.7X8mm,50,3,1,p050_r3_c1_ZG-F312.png,CANAM yi er Speed) R 13-21 | CAN AM (Grono Capers) R 13-46 | CANAM Spyder F3 (SE6/ISM6) oR 13-16 | CANAM Spyder F3 LTD R 16-21 | CANAM Spyder F3-T R 16-21
p050_r3_c2,ZG-F315,YL-F315,,50,3,2,p050_r3_c2_ZG-F315.png,YAMAHA $3
p050_r4_c1,ZG-F313,YL-F313,990X10.mm; 82X33.5X10mm,50,4,1,p050_r4_c1_ZG-F313.png,HoNDa — PinegetO00SXS_ Lek 1621 | HONDA Talon 1000 R R 19-21 | HONDA Talon 1000 x R 19.21 | HONDA Talon 1000 X-4 R 19-21
p050_r4_c2,ZG-F316,YL-F316,,50,4,2,p050_r4_c2_ZG-F316.png,"BENELLI Worx 125, F 17-18 | BENELLI BN125 F 18-21"
p051_r1_c1,?,?,124X43mm,51,1,1,p051_r1_c1_UNKNOWN.png,GENERIC Demonio 50/125 F 17-48 | cengric Classic 125 F 17-18 | OSES Code 125 F 17-20 | CSRS GRS 125 F 17-20
p051_r1_c2,?,?,,51,1,2,p051_r1_c2_UNKNOWN.png,KAWASAKI HI-D/E/F 500 73-75 F F | KAWASAKI Gs000) F 72-73 | KAWASAKI (750ce) F 74-75 | KAWASAKI 900 ZIA/ZIB F 74-76 | SUZUK seo MAB F 74-79 | SUZUK RES MIA F 75-77
p051_r2_c1,ZG-F317,YL-F317,80.6X42X11.5mm,51,2,1,p051_r2_c1_ZG-F317.png,
p051_r2_c2,?,?,60X57X8.6mm,51,2,2,p051_r2_c2_UNKNOWN.png,BENDA BD300-15 F 15
p051_r3_c1,?,?,72.8X30X10mm,51,3,1,p051_r3_c1_UNKNOWN.png,CF MOTO 500 Z-Force Rikon} = 14-16 | CF MOTO 800 U-Force RGN 15-16 | CF MOTO 800 Z-Force Rigign} 15-16 | CF MOTO BOOEXZFore RIG = 14-16 | CF MOTO 950 Z-Force R 20 | CF MOTO 1000 U-Force R 20
p051_r3_c2,?,?,,51,3,2,p051_r3_c2_UNKNOWN.png,WK BIKES WK 400 Trail 15-17 R | swM SM 125R R 18-20 | SWM Ace of Spades 500cc 18:21R_——«R 18-21 | SWM Gran Milano(4T)Boggi SE R 16-18 | SWM Gran Milano Outaw 500 R 18-21 | swe Six Days 18:21 R R 18-21
p051_r4_c1,?,?,,51,4,1,p051_r4_c1_UNKNOWN.png,INDIAN (Cast Wheel'Tove Calipers) F 16 | INDIAN (cast wreeitose Calipers) F 18-46
p051_r4_c2,?,?,73.2X54.5X8.3mm,51,4,2,p051_r4_c2_UNKNOWN.png,BMW eve s 19-21 | BMW $ 1000 XR s 19-21 | BMW —-_R1250GSAdventure RR 19-21 | BMW —__R 1250 GS Adventure R 19-21 | BMW aOR SP R 19-20
p052_r1_c1,ZG-F324,YL-F324,137.5X43.1X9mm; 1986X43X9mm,52,1,1,p052_r1_c1_ZG-F324.png,LEXMOTO Viper SK125-22A F a
p052_r1_c2,ZG-F327,YL-F327,78.1X40.5mm; 78.1X40.5mm,52,1,2,p052_r1_c2_ZG-F327.png,KYMCO Xciting S400 F 19-22
p052_r2_c1,?,?,,52,2,1,p052_r2_c1_UNKNOWN.png,ZONTES ZT 125 Firefly F 17-19 | ZONTES ZT 125 Mantis F 17-19 | ZONTES ZT 125 Scorpion F 17-19
p052_r2_c2,ZG-F328,YL-F328,47X37X7mm,52,2,2,p052_r2_c2_ZG-F328.png,
p052_r3_c1,?,?,129X39.8X9mm,52,3,1,p052_r3_c1_UNKNOWN.png,onpa Gt 1800 8 Goldwing Jog 418-20 | HONDA CL 1800 Goldwing Tour J F 18-20 | HONDA GL 1800BD Goldwing J 18-20 | HONDA E1800 Soldvng Tours 18-20 | HONDA SL18Q0.DAGolWwng Tour 18-20
p052_r3_c2,ZG-F329,YL-F329,94.2X34mm; 34X7.5mm,52,3,2,p052_r3_c2_ZG-F329.png,FANTIC XE 125 2T F 21-22 | YAMAHA WRF 250 F 20-22 | YAMAHA YZF 250 F 19-22
p052_r4_c1,ZG-F326,YL-F326,,52,4,1,p052_r4_c1_ZG-F326.png,HONDA (Sc40) F 98-00 | KAWASAKI ZX-7RR(ZX750 N1IN2) 0 F 96-99 | YAMAHA (Race version) F 99-01 | BUELL X71 Lightning F 98-05 | BUELL M2 Cyclone F 98-05 | Mv 750 Brutale S F4 F 03-05
p052_r4_c2,ZG-F330,YL-F330,4.5X8.2mm,52,4,2,p052_r4_c2_ZG-F330.png,BMV R 1250 GS. F 19-20 | BMV R 1250 GS Edition 40 F 20-21 | BMV R 1250 GS Adventure F 19-20
p053_r1_c1,ZG-F331,YL-F331,100X57X12mm,53,1,1,p053_r1_c1_ZG-F331.png,Polaris ATV
p053_r1_c2,ZG-F335,YL-F335,5X44.6mm,53,1,2,p053_r1_c2_ZG-F335.png,
p053_r2_c1,?,?,130.7X54X8.5mm; 6X40X8.mm,53,2,1,p053_r2_c1_UNKNOWN.png,CF MOTO. CF 250SR CBS F
p053_r2_c2,?,?,88.2X41.8X9.7mm; 88.2X41.8X9.7mm,53,2,2,p053_r2_c2_UNKNOWN.png,LEXMOTO Venom R 19-21
p053_r3_c1,ZG-F333,YL-F333,46.3X52.1mm,53,3,1,p053_r3_c1_ZG-F333.png,Polaris RIK 800 Pro 600 | Polaris Assault SKS 850 2206462 R
p053_r3_c2,?,?,88.6X36.8mm,53,3,2,p053_r3_c2_UNKNOWN.png,CF MOTO Z Force 1000 R 18-19 | CF MOTO. 950 Z-Force R 20 | CF MOTO 400 C-Force R 18-19 | CF MOTO. 1000 U-Force R 20
p053_r4_c1,ZG-F334,YL-F334,53.4X51.7mm,53,4,1,p053_r4_c1_ZG-F334.png,
p053_r4_c2,?,?,101.4X36.6X10.8mm,53,4,2,p053_r4_c2_UNKNOWN.png,CF MOTO Z Force 1000 F 18-19 | j CF MOTO 950 Z-Force F 20 | CF MOTO 400 C-Force F 18-19 | CF MOTO 1000 U-Force F 20
p054_r1_c1,ZG-F339,YL-F339,,54,1,1,p054_r1_c1_ZG-F339.png,
p054_r1_c2,?,?,75X54.mm; 5X8.6mm,54,1,2,p054_r1_c2_UNKNOWN.png,
p054_r2_c1,?,?,59.4X51.2mm,54,2,1,p054_r2_c1_UNKNOWN.png,
p054_r2_c2,?,?,642X444mm,54,2,2,p054_r2_c2_UNKNOWN.png,PIAGGIO. PR3125TriaVEnduofEnduo —F | PIAGGIO PRS 259 End. ro xtreme! F | PIAGGIO. PR3200EndurEnduroPro/
p054_r3_c1,ZG-F341,YL-F341,81.7X45mm,54,3,1,p054_r3_c1_ZG-F341.png,
p054_r3_c2,?,?,,54,3,2,p054_r3_c2_UNKNOWN.png,CAN AM Spyder RS R 10-12 | CAN AM Spyder RTLTD R 11-12
p054_r4_c1,ZG-F342,YL-F342,129.3X44.4X9mm; 129.3X44.4X9mm,54,4,1,p054_r4_c1_ZG-F342.png,
p054_r4_c2,?,?,,54,4,2,p054_r4_c2_UNKNOWN.png,CAN AM Spyder RS-S F 10-12 | CAN AM Spyder RS F 10-12 | CAN AM Spyder RT LTD F 11-12
p055_r1_c1,ZG-F434,YL-F434,,55,1,1,p055_r1_c1_ZG-F434.png,
p055_r1_c2,ZG-F351,YL-F351,78.1X40.4mm; 78.1X40.4mm,55,1,2,p055_r1_c2_ZG-F351.png,Bmw 3106S R
p055_r2_c1,ZG-F348,YL-F348,86X40X9mm; 86X40X9mm,55,2,1,p055_r2_c1_ZG-F348.png,
p055_r2_c2,?,?,8X45.9mm; 554X459mm,55,2,2,p055_r2_c2_UNKNOWN.png,BMW 310GS R
p055_r3_c1,ZG-F349,YL-F349,88X42mm; 88X42mm,55,3,1,p055_r3_c1_ZG-F349.png,cFMOTO 250SR HT R
p055_r3_c2,ZG-F353,YL-F353,69.8X459mm; 54X459mm,55,3,2,p055_r3_c2_ZG-F353.png,
p055_r4_c1,ZG-F350,YL-F350,69.8X51X8mm,55,4,1,p055_r4_c1_ZG-F350.png,
p055_r4_c2,?,?,96.3X53.0X9.9mm,55,4,2,p055_r4_c2_UNKNOWN.png,
p056_r1_c1,?,?,,56,1,1,p056_r1_c1_UNKNOWN.png,HONDA CB 1300 FWIFXIFYSC40) 98-00 | KAWASAKI 2X-7RR (2X750 NYIN2) 96-99 | yaMaHa _ YZF-R7 750 0Wo2 F 99.01 | BUELL Xt Lightning F 98-05 | uv 750 Brutale $ F4 F 03-05
p056_r1_c2,ZG-F359,YL-F359,70.5X41.4mm; 881X455mm,56,1,2,p056_r1_c2_ZG-F359.png,
p056_r2_c1,?,?,5X41.4mm; 891X467mm,56,2,1,p056_r2_c1_UNKNOWN.png,
p056_r2_c2,ZG-F360,YL-F360,69.7X42.7X8mm,56,2,2,p056_r2_c2_ZG-F360.png,
p056_r3_c1,?,?,705X414mm; 1X46.7mm,56,3,1,p056_r3_c1_UNKNOWN.png,
p056_r3_c2,ZG-F361,YL-F361,,56,3,2,p056_r3_c2_ZG-F361.png,PIAGGIO AMPs S0OLT. F 14-20 | VESPA GTS 300 ie(ABS) R 08-21 | VESPA GTS 300ie Super(ABS) RR 08-24 | VESPA GTS 300ie Touring (ABS) RR 11-21
p056_r4_c1,?,?,5X41.4mm; 881X455mm,56,4,1,p056_r4_c1_UNKNOWN.png,
p056_r4_c2,?,?,,56,4,2,p056_r4_c2_UNKNOWN.png,BMW M 1000 RR F
p057_r1_c1,?,?,90.8X56mm; 3X8mm,57,1,1,p057_r1_c1_UNKNOWN.png,Bmw R18B F 20-21 | BMW R 18 Classic F 20-21 | Bmw R 18 Dragster F 20-21 | BMW  —-R 18 Trans Continental =F 20-21 | Bmw R 18 Blechmann F 20-21
p057_r1_c2,?,?,6X41.5mm,57,1,2,p057_r1_c2_UNKNOWN.png,KYMCO
p057_r2_c1,?,?,49.7X462mm; 49.7X462mm,57,2,1,p057_r2_c1_UNKNOWN.png,
p057_r2_c2,ZG-F373,YL-F373,2X44mm,57,2,2,p057_r2_c2_ZG-F373.png,
p057_r3_c1,?,?,69.3X46.2X8.7mm,57,3,1,p057_r3_c1_UNKNOWN.png,KTM RC390 F | Bmw GS310ADV R
p057_r3_c2,ZG-F376,YL-F376,,57,3,2,p057_r3_c2_ZG-F376.png,
p057_r4_c1,?,?,81.7X34.5X8.9mm,57,4,1,p057_r4_c1_UNKNOWN.png,
p057_r4_c2,?,?,,57,4,2,p057_r4_c2_UNKNOWN.png,HONDA CBSOOR F 23
p058_r1_c1,?,?,94X44.4mm; 1X46mm,58,1,1,p058_r1_c1_UNKNOWN.png,"kawasani Are cre R 16-18 | KAWASAKI — MulePRO-FXT = REMS 15.21 | KAWASAKI MulePRO-FXTIEPS pig 15:21 | KAWASAKI Mule PRO-FxTIEPS LE RLM& 45.9, | KAWASAKI ule Pro-FX/EPSLE RRight 12"" | KAWASAKI XT DieselEPS pity 16-17"
p058_r1_c2,ZG-F382,YL-F382,2X51.7mm; 1.6X51.3mm,58,1,2,p058_r1_c2_ZG-F382.png,HONDA cB 360 GIT/T F 74-76 | HONDA CJ 360 T F 78 | HONDA CB 400 FIFVF2 F 75-79 | HONDA CB 550 K/K1/76 F 74-78 | HONDA CB 550 FIFI/F2IF3 F 78-80 | HONDA cB 750K7 F 78
p058_r2_c1,?,?,35.6X29.1mm,58,2,1,p058_r2_c1_UNKNOWN.png,
p058_r2_c2,ZG-F385,YL-F385,68.9X48mm,58,2,2,p058_r2_c2_ZG-F385.png,"ISRAETERMARET — 22-023-0A (2 Piston) F 75 | 'SRAETERYARET 22,026.04 (SprocketCalper) — F 75-76 | YAMAHA RD 250 B/C F 73-75 | YAMAHA RD 250 D F 75 | YAMAHA RD 350/B F 75 | YAMAHA XS 3608 FaR 76-77"
p058_r3_c1,ZG-F380,YL-F380,49.7X36X7.9mm,58,3,1,p058_r3_c1_ZG-F380.png,BMW —S 1000 RR HP4 Race R 17-18
p058_r3_c2,?,?,,58,3,2,p058_r3_c2_UNKNOWN.png,YAMAHA — 2R125 INVECTADA
p058_r4_c1,ZG-F381,YL-F381,108X63.5mm,58,4,1,p058_r4_c1_ZG-F381.png,
p058_r4_c2,ZG-F388,YL-F388,111X44.6mm,58,4,2,p058_r4_c2_ZG-F388.png,
p059_r1_c1,ZG-F389,YL-F389,,59,1,1,p059_r1_c1_ZG-F389.png,
p059_r1_c2,?,?,,59,1,2,p059_r1_c2_UNKNOWN.png,
p059_r2_c1,ZG-F390,YL-F390,,59,2,1,p059_r2_c1_ZG-F390.png,
p059_r2_c2,ZG-F396,YL-F396,120.6X53.8X6.9mm,59,2,2,p059_r2_c2_ZG-F396.png,"POLARIS 2020 RZR PRO XP Ultimate. 23 | POLARIS RZR Pro XP Sport 21 | POLARIS RZR Pro XP Premium, 21 | POLARIS RZR PRO XP LE 20 | POLARIS RZR PRO XP 4 LE. 20"
p059_r3_c1,ZG-F392,YL-F392,130.3X39.8mm,59,3,1,p059_r3_c1_ZG-F392.png,1 POLARIS Pelers Ranger 20 1500 F 24-25
p059_r3_c2,ZG-F399,YL-F399,106.5X41.3mm,59,3,2,p059_r3_c2_ZG-F399.png,
p059_r4_c1,ZG-F394,YL-F394,6X53.9X7.1mm,59,4,1,p059_r4_c1_ZG-F394.png,PoLaris Pere Rargeaos0? ok a
p059_r4_c2,ZG-F403,YL-F403,35.7X39.1mm,59,4,2,p059_r4_c2_ZG-F403.png,GAS-GAS. 300 (TXT Racing) R 20-22
p060_r1_c1,ZG-F404,YL-F404,,60,1,1,p060_r1_c1_ZG-F404.png,
p060_r1_c2,?,?,75.4X39.4mm,60,1,2,p060_r1_c2_UNKNOWN.png,Honpa — SXS 50D Mu Hiner R 18-17 | Honpa  SXS 70) Be R 16-18 | HONDA (4 Seat) oneer R 16-18
p060_r2_c1,ZG-F405,YL-F405,122X54mm,60,2,1,p060_r2_c1_ZG-F405.png,") ARCTIC CAT eeran How F 19-20 | ARCTIC CAT se a les! F 19-20 | ARCTIC CAT Wildcat X,XT and LTD F 19-20 | ARCTIC CAT poets F 19-20"
p060_r2_c2,?,?,56X47.4mm; 75X49.3mm,60,2,2,p060_r2_c2_UNKNOWN.png,HONDA — SXS700M2 Pionee (2 Seat) | HONDA en Pioneer
p060_r3_c1,ZG-F406,YL-F406,70.6X44.3X7.2mm,60,3,1,p060_r3_c1_ZG-F406.png,
p060_r3_c2,ZG-F410,YL-F410,96.2X41.6mm; 76.7X41mm,60,3,2,p060_r3_c2_ZG-F410.png,YAMAHA (Side X Side) | YAMAHA YXZ10PXG F 16 | YAMAHA Vide suey F 16 | yamana — Eonar F 17-18
p060_r4_c1,ZG-F407,YL-F407,77.5X40.7X8mm,60,4,1,p060_r4_c1_ZG-F407.png,
p060_r4_c2,ZG-F411,YL-F411,76.7X41.8mm,60,4,2,p060_r4_c2_ZG-F411.png,YAMAHA QMO (aMOvETIG) (oh!) 16 | YAMAHA eM FONPHG): © R (right) 16
p061_r1_c1,ZG-F412,YL-F412,5X48.8mm,61,1,1,p061_r1_c1_ZG-F412.png,ROE CF Seon orcas
p061_r1_c2,ZG-F416,YL-F416,91X30X7.2mm,61,1,2,p061_r1_c2_ZG-F416.png,"YAMAHA YZ125 NISITIU F 85-88 | YAMAHA, IT 200 S F 86 | YAMAHA 17350 S/T F 86-87 | YAMAHA, YZ.490 NISIT F 85-87 | YAMAHA YZ.490 UW F 88-89"
p061_r2_c1,?,?,89.6X45.8X8.9mm,61,2,1,p061_r2_c1_UNKNOWN.png,
p061_r2_c2,ZG-F417,YL-F417,3X41.7X8mm; 103.6X45.1X8.9mm,61,2,2,p061_r2_c2_ZG-F417.png,KAWASAKI Ridge HVAC F 2024 | KAWASAKI Ridge Limited F 2024 | KAWASAKI Ridge Ranch Edition F 2024 | KAWASAKI Ridge XR HVAC F 2024
p061_r3_c1,ZG-F414,YL-F414,35.3X51.7mm,61,3,1,p061_r3_c1_ZG-F414.png,APRILIA wx 50 F 03-05 | APRILIA. RS REPLICASO F 03-05 | DERBI! —-DERBIGPRSPORT 50 F 96-01 | «™ sx 65 F 96-03
p061_r3_c2,ZG-F417B,YL-F417B,111.3X41.7X8mm; 103.6X45.1X8.9mm,61,3,2,p061_r3_c2_ZG-F417B.png,"KAWASAKI Ridge HVAC. F 2024 | KAWASAKI Ridge Limited F 2024 | KAWASAKI _ Ridge Ranch Edition F 2024 | , KAWASAKI Ridge XR HVAC F 2024"
p061_r4_c1,ZG-F415,YL-F415,82.8X40.1X8mm,61,4,1,p061_r4_c1_ZG-F415.png,
p061_r4_c2,ZG-F418,YL-F418,132X53mm; 79X53.1X91mm,61,4,2,p061_r4_c2_ZG-F418.png,
p062_r1_c1,ZG-F419,YL-F419,45.5X9mm,62,1,1,p062_r1_c1_ZG-F419.png,
p062_r1_c2,ZG-F429,YL-F429,69.1X51.2mm; 69.1X51.2mm,62,1,2,p062_r1_c2_ZG-F429.png,
p062_r2_c1,ZG-F420,YL-F420,43X46.55X11mm,62,2,1,p062_r2_c1_ZG-F420.png,
p062_r2_c2,ZG-F587,YL-F587,2X47.mm; 8X8.6mm,62,2,2,p062_r2_c2_ZG-F587.png,) arctic cat — Cushman Hauler R 19-20 | ARCTIC CAT Wildcat X.xT and LTD eR 49-20 | ARCTIC CAT Prowler Pro Crew andXT = R 19-20
p062_r3_c1,ZG-F105,YL-F105,28.1X35.7X4mm,62,3,1,p062_r3_c1_ZG-F105.png,
p062_r3_c2,ZG-F101,YL-F101,5X25X5mm,62,3,2,p062_r3_c2_ZG-F101.png,KTM 50 SX Mini F Left 09-16 | KTM 80 SX Pro SeniorLC —F Left. 04-16 | KTM 50 SX Pro Senior LC Left 04-16 | KTM 50 SX Pro SeniorLC —F Left 02-07 | KTM 50 Senior Adventure —_F Left 02-07 | KTM 65 SX R Left 04-08
p062_r4_c1,ZG-F426,YL-F426,1X7mm,62,4,1,p062_r4_c1_ZG-F426.png,Welclesy Groundhog 800 D (4x4) F&R 08-09 | TE CLES) Workmax 800 D(4x4) F&R 10-14 | (OS RSine) HPX 4x4 Gator (Diese!) FAR 10-11
p062_r4_c2,?,?,,62,4,2,p062_r4_c2_UNKNOWN.png,
